rank,elapsed_time,resident_memory_bytes,peak_resident_memory_bytes,virtual_memory_bytes,estimated_node_and_state_bytes_per_search_node,estimated_retained_node_and_state_bytes,open_list_allocated_bytes,transition_chain_allocated_bytes,estimated_search_data_structure_bytes,estimated_search_data_structure_bytes_per_search_node,primary_open_len,primary_open_capacity,layered_open_len,layered_open_capacity,layered_open_layers,registry_entries,registry_open_entries,registry_closed_entries,registry_inserted,registry_removed,transition_chain_nodes,expanded,generated,kept,sent,received,memory_estimate_version,live_nodes,live_nodes_created,live_nodes_dropped,live_nodes_outside_registry,registry_signatures,estimated_private_node_and_resource_bytes,estimated_shared_signature_bytes,estimated_registry_storage_bytes
0,0.002921276,66207744,66207744,1988067328,356,0,24,0,24,,0,0,0,0,1,0,0,0,0,0,0,0,0,0,0,0,2,0,0,0,0,0,0,0,0
0,1.002919217,250605568,250605568,2036256768,356,31328300,3191520,468416,34988236,356.77889606085637,93726,131072,91692,136604,39,82069,76117,5952,98152,16083,6295,6295,82069,8,137718,132165,2,98067,98152,85,15998,82069,12944844,15100696,3282760
0,2.0030035,378662912,378662912,2113888256,356,80367408,6845152,1378816,88591376,346.1520091274245,243727,262144,238086,331164,39,207966,191461,16505,256209,48243,17448,17448,207966,19,374355,366684,2,255932,256209,277,47966,207966,33783024,38265744,8318640
0,3.002974704,470917120,470917120,2169286656,356,124095084,13042400,2050816,139188300,349.309478576645,378769,524288,369896,581532,39,319185,292746,26439,398971,79786,27948,27948,319185,37,594025,586657,2,398467,398971,504,79282,319185,52597644,58730040,12767400
0,4.002957132,540884992,540884992,2203148288,356,164826048,13648608,3018496,181493152,341.0909910993505,504480,524288,492233,657308,39,422274,385383,36891,532856,110582,38972,38972,422274,52,824382,799569,2,532096,532856,760,109822,422274,70236672,77698416,16890960
0,5.002973456,611287040,611287040,2295836672,356,208158764,24675040,3779776,236613580,350.40003435678034,639170,1048576,623156,987036,39,531355,483241,48114,676311,144956,50867,50867,531355,63,1071626,1033477,2,675267,676311,1044,143912,531355,89135244,97769320,21254200
0,6.003022363,680267776,680267776,2362945536,356,254451524,25494240,4633088,284578852,343.35878592051967,783187,1048576,762900,1089436,39,647539,586817,60722,830198,182659,64200,64200,647539,84,1348021,1290704,2,828809,830198,1389,181270,647539,109402788,119147176,25901560
0,7.002924547,746459136,746459136,2430054400,356,301272020,27247328,6022976,334542324,339.6544633275428,929449,1048576,905010,1308572,39,764548,691056,73492,986734,222186,77725,77725,764548,107,1628151,1557934,2,984949,986734,1785,220401,764548,130013268,140676832,30581920
0,8.002980208,801488896,801488896,2513940480,356,343578032,45007584,6834048,395419664,351.04354712130197,1061945,2097152,1033163,1431452,39,870052,784583,85469,1128570,258518,90398,90398,870052,133,1887805,1800844,2,1126412,1128570,2158,256360,870052,148686384,160089568,34802080
0,9.002925942,855678976,855678976,2513940480,356,383463496,46195424,7608448,437267368,347.0480601795927,1186607,2097152,1154338,1579932,39,969413,872574,96839,1262491,293078,102498,102498,969413,150,2133626,2031754,2,1259962,1262491,2529,290549,969413,166314984,178371992,38776520
0,10.002998394,911687680,911687680,2614603776,356,424847964,49046240,8379392,482273596,344.69016996735877,1316997,2097152,1281255,1936284,39,1072143,963988,108155,1402060,329917,114544,114544,1072143,170,2379005,2273369,2,1399151,1402060,2909,327008,1072143,184687932,197274312,42885720
0,11.002963389,965328896,965328896,2614603776,356,466116452,49701600,9178624,524996676,341.31274001751433,1446736,2097152,1407526,2018204,39,1174456,1054529,119927,1541477,367021,127032,127032,1174456,188,2633498,2517986,2,1538169,1541477,3308,363713,1174456,203038308,216099904,46978240
0,12.002938309,1022935040,1022935040,2742530048,356,505352004,52781792,10994496,569128292,340.7266270219722,1570175,2097152,1527395,2403228,39,1271730,1140462,131268,1674064,402334,139021,139021,1271730,206,2876913,2751654,2,1670337,1674064,3727,398607,1271730,220484484,233998320,50869200
0,13.002965349,1080213504,1080213504,2742530048,356,548213684,52912864,11735744,612862292,337.5392715774887,1706859,2097152,1660974,2419612,39,1377430,1235370,142060,1819820,442390,150603,150603,1377430,221,3112508,3011727,2,1815677,1819820,4143,438247,1377430,239669364,253447120,55097200
0,14.003019634,1138958336,1138958336,2876747776,356,593798744,54026976,12629952,660455672,335.1739986987982,1851470,2097152,1801542,2558876,39,1489708,1334522,155186,1975075,485367,164575,164575,1489708,239,3395788,3292333,2,1970486,1975075,4589,480778,1489708,260104152,274106272,59588320
0,15.002981277,1192304640,1192304640,2876747776,356,634808832,54551264,13468480,702828576,333.125687742914,1981016,2097152,1927330,2624412,39,1590693,1423187,167506,2114901,524208,177677,177677,1590693,269,3661558,3546142,2,2109800,2114901,5101,519107,1590693,278493600,292687512,63627720
0,16.003086381,1239511040,1239511040,2876747776,356,672092532,88761056,14219072,775072660,346.4951877447871,2099501,4194304,2042400,2706332,39,1682244,1503701,178543,2242370,560126,189405,189405,1682244,291,3899351,3779260,2,2236893,2242370,5477,554649,1682244,295269876,309532896,67289760
0,17.00297433,1288822784,1288822784,3044519936,356,709798004,89842400,14995072,814635476,344.41906694655313,2219413,4194304,2158239,2841500,39,1774936,1584916,190020,2371156,596220,201530,201530,1774936,306,4144978,4016216,2,2365245,2371156,5911,590309,1774936,312212340,326588224,70997440
0,18.029628014,1392291840,1458450432,4667715584,356,734777716,90104544,15495936,840378196,342.94697854811807,2298801,4194304,2235477,2874268,39,1836236,1638860,197376,2456651,620415,209356,209356,1836236,322,4301996,4175204,2,2450461,2456651,6190,614225,1836236,323460852,337867424,73449440
0,19.00292568,1424347136,1458450432,4667715584,356,755731264,92857056,16060288,864648608,342.87179552253485,2363609,4194304,2297395,3218332,39,1887749,1681884,205865,2528307,640558,218174,218174,1887749,339,4480788,4307526,2,2521784,2528307,6523,634035,1887749,332875488,347345816,75509960
0,20.005110007,1473650688,1473650688,4667715584,356,793000560,96264928,16901184,906166672,342.0741250779529,2481029,4194304,2411052,3644316,39,1979142,1760847,218295,2656055,676913,231313,231313,1979142,361,4746129,4546502,2,2649036,2656055,7019,669894,1979142,349672752,364162128,79165680
0,21.00295134,1510105088,1510105088,4667715584,356,821101256,96264928,17538048,934904232,340.56729825604396,2569844,4194304,2496900,3644316,39,2047960,1820280,227680,2752564,704604,241264,241264,2047960,384,4947095,4726938,2,2745138,2752564,7426,697178,2047960,362358216,376824640,81918400
0,22.002937141,1567625216,1567625216,4869042176,356,861496396,101245664,18376896,981118956,340.2406489381513,2698395,4194304,2621731,4266908,39,2146700,1906706,239994,2891589,744889,254371,254371,2146700,409,5213610,4989042,2,2883603,2891589,7986,736903,2146700,380635596,394992800,85868000
0,23.002941551,1621237760,1621237760,4869042176,356,902207564,101245664,21359040,1024812268,338.9508947131504,2828420,4194304,2747605,4266908,39,2246017,1993047,252970,3031968,785951,268199,268199,2246017,423,5490457,5255600,2,3023483,3031968,8485,777466,2246017,399099756,413267128,89840680
0,24.007102776,1672704000,1672704000,4869042176,356,941257124,101311200,22194880,1064763204,337.196128697592,2953242,4194304,2868274,4275100,39,2341255,2076052,265203,3166673,825418,281259,281259,2341255,440,5754274,5512740,2,3157697,3166673,8976,816442,2341255,416816004,430790920,93650200
0,25.002951585,1722015744,1722015744,4869042176,356,978513728,102752992,23016000,1104282720,336.0740050008643,3071996,4194304,2982984,4455324,39,2432071,2154774,277297,3295389,863318,294089,294089,2432071,461,6014503,5758701,2,3285832,3295389,9557,853761,2432071,433729824,447501064,97282840
0,26.003168458,1769250816,1769250816,5103923200,356,1014091780,102752992,23804480,1140649252,334.678597133437,3185257,4194304,3092390,4455324,39,2518796,2229876,288920,3418228,899432,306409,306409,2518796,474,6262600,5994910,2,3408193,3418228,10035,889397,2518796,449881476,463458464,100751840
0,27.00297476,1803620352,1803620352,5103923200,356,1040535844,104850144,24421312,1169807300,334.30468175095916,3268811,4194304,3173208,4717468,39,2583206,2285150,298056,3509670,926464,316047,316047,2583206,500,6455107,6170830,2,3499225,3509670,10445,916019,2583206,461897700,475309904,103328240
0,28.002944933,1853001728,1853001728,5103923200,356,1077452640,106160864,25239872,1208853376,333.32158046129143,3386758,4194304,3287517,4881308,39,2672901,2362843,310058,3637656,964755,328837,328837,2672901,522,6712854,6419126,2,3626688,3637656,10968,953787,2672901,478722816,491813784,106916040
0,29.00293256,1902354432,1902354432,5103923200,356,1113540756,108258016,26045120,1247843892,332.6330350723847,3501886,4194304,3399102,5143452,39,2760510,2438636,321874,3762941,1002431,341419,341419,2760510,538,6967666,6663636,2,3751413,3762941,11528,990903,2760510,495186516,507933840,110420400
0,30.002995783,1953087488,1953087488,5118603264,356,1150348404,108258016,26866496,1285472916,331.4491727261734,3619302,4194304,3512533,5143452,39,2850033,2516083,333950,3890447,1040414,354253,354253,2850033,568,7226630,6913443,2,3878341,3890447,12106,1028308,2850033,511941012,524406072,114001320
0,31.002993345,2003525632,2003525632,5387038720,356,1190335232,108258016,27770368,1326363616,330.1987859185673,3748077,4194304,3636035,5143452,39,2946916,2599636,347280,4029574,1082658,368376,368376,2946916,583,7510574,7187539,2,4016864,4029574,12710,1069948,2946916,530226048,542232544,117876640
0,32.002938055,2050564096,2050564096,5387038720,356,1226729804,108389088,28616000,1363734892,329.1810541200166,3864128,4194304,3748101,5159836,39,3035173,2675439,359734,4156098,1120925,381589,381589,3035173,609,7774553,7436807,2,4142811,4156098,13287,1107638,3035173,546851052,558471832,121406920
0,33.002934135,2097803264,2097803264,5387038720,356,1262337812,108651232,29444480,1400433524,328.27936270696,3977306,4194304,3857799,5192604,39,3121555,2749560,371995,4279853,1158298,394534,394534,3121555,622,8035297,7681511,2,4265981,4279853,13872,1144426,3121555,563109492,574366120,124862200
0,34.002949129,2147115008,2147115008,5387038720,356,1296747320,111796960,30227968,1438772248,328.10582232594754,4087858,4194304,3963680,5585820,39,3204982,2821440,383542,4399442,1194460,406776,406776,3204982,637,8283030,7918603,2,4385086,4399442,14356,1180104,3204982,578831352,589716688,128199280
0,35.002947313,2194403328,2194403328,5387038720,356,1333781604,179430112,31014912,1544226628,342.1158907011527,4206893,8388608,4079485,5651356,39,3294492,2899447,395045,4528639,1234147,419072,419072,3294492,660,8529098,8175648,2,4513753,4528639,14886,1219261,3294492,595815396,606186528,131779680
0,36.002917855,2239549440,2239549440,5387038720,356,1369539152,179430112,31821568,1580790832,340.84781901841814,4322215,8388608,4189949,5651356,39,3381013,2974132,406881,4653198,1272185,431676,431676,3381013,675,8783091,8422421,2,4637820,4653198,15378,1256807,3381013,612192240,622106392,135240520
0,37.002930897,2284707840,2284707840,5722583040,356,1405466204,179430112,32610688,1617507004,339.6332321332171,4436920,8388608,4301142,5651356,39,3467923,3049468,418455,4778481,1310558,444006,444006,3467923,691,9029434,8671905,2,4762511,4778481,15970,1294588,3467923,628651452,638097832,138716920
0,38.002964663,2329776128,2329776128,5722583040,356,1438650868,179430112,33368640,1651449620,338.56742351043727,4543815,8388608,4404064,5651356,39,3548156,3118552,429604,4894271,1346115,455849,455849,3548156,717,9262861,8902418,2,4877757,4894271,16514,1329601,3548156,643863924,652860704,141926240
0,39.002925678,2377035776,2377035776,5722583040,356,1474656144,179954400,34182208,1688792752,337.56060486130934,4658716,8388608,4516149,5716892,39,3635130,3193603,441527,5020042,1384912,468561,468561,3635130,736,9518460,9153122,2,5002932,5020042,17110,1367802,3635130,660387024,668863920,145405200
0,40.161842429000004,2535612416,2670977024,5722583040,356,1489549424,184148704,34525696,1708223824,337.94333899663764,4707143,8388608,4562419,6241180,39,3671074,3224522,446552,5072087,1401013,473928,473928,3671074,750,9622137,9257233,2,5054764,5072087,17323,1383690,3671074,667228848,675477616,146842960
0,41.003025133,2539085824,2670977024,5722583040,356,1491975472,184148704,34586368,1710710544,337.87114720244335,4715078,8388608,4570324,6241180,39,3676931,3229477,447454,5080528,1403597,474876,474876,3676931,753,9641259,9273929,2,5063204,5080528,17324,1386273,3676931,668342928,676555304,147077240
0,42.002976856,2571243520,2670977024,5722583040,356,1514727268,185459424,35258240,1735444932,337.50118522975606,4786100,8388608,4637785,6405020,39,3732044,3274536,457508,5159862,1427818,485374,485374,3732044,768,9851213,9432170,2,5142041,5159862,17821,1409997,3732044,678749412,686696096,149281760
0,43.002946235,2616352768,2670977024,5722583040,356,1548813816,186508000,36040576,1771362392,336.7139247108864,4894668,8388608,4744002,6536092,39,3814272,3345317,468955,5279192,1464920,497598,497598,3814272,789,10095929,9670876,2,5260734,5279192,18458,1446462,3814272,694416888,701826048,152570880
0,44.002924896,2669928448,2670977024,5722583040,356,1586234672,194896608,36930560,1818061840,337.2314278612687,5015053,8388608,4860375,7584668,39,3904483,3422498,481985,5410212,1505729,511504,511504,3904483,803,10368221,9934674,2,5391140,5410212,19072,1486657,3904483,711630480,718424872,156179320
0,45.003402196,2723463168,2723463168,5722583040,356,1621835524,195420896,41965440,1859221860,337.1086312176111,5129678,8388608,4970515,7650204,39,3990308,3495936,494372,5534851,1544543,524638,524638,3990308,825,10630769,10184085,2,5515201,5534851,19650,1524893,3990308,728006532,734216672,159612320
0,46.002946795,2763964416,2763964416,5739360256,356,1657054388,195420896,42798976,1895274260,336.1628282545209,5241673,8388608,5080021,7650204,39,4075192,3568597,506595,5658274,1583082,537662,537662,4075192,843,10890977,10432386,2,5637965,5658274,20309,1562773,4075192,744211380,749835328,163007680
0,47.00294101,2805952512,2805952512,6142013440,356,1688648272,195420896,43577600,1927646768,335.3555956540528,5342523,8388608,5177567,7650204,39,4151354,3633293,518061,5768999,1617645,549828,549828,4151354,864,11131583,10655856,2,5748068,5768999,20931,1596714,4151354,758744976,763849136,166054160
0,48.004122179,2854354944,2854354944,6142013440,356,1721828640,198566624,44371200,1964766464,335.0469878679816,5449554,8388608,5281001,8043420,39,4231074,3701382,529692,5885672,1654598,562228,562228,4231074,879,11376719,10892102,2,5864152,5885672,21520,1633078,4231074,774068064,778517616,169242960
0,49.002920088,2892996608,2892996608,6142013440,356,1753174816,198566624,45133568,1996875008,334.2726040679019,5550312,8388608,5378164,8043420,39,4306403,3765494,540909,5995881,1689478,574140,574140,4306403,901,11612756,11114839,2,5973792,5995881,22089,1667389,4306403,788540544,792378152,172256120
0,50.002991272,2935853056,2935853056,6142013440,356,1785353056,198566624,45929600,2029849280,333.5188821851545,5653553,8388608,5478248,8043420,39,4383839,3831179,552660,6108814,1724975,586578,586578,4383839,927,11859895,11343597,2,6086160,6108814,22654,1702321,4383839,803373120,806626376,175353560
0,51.003005957,2980782080,2980782080,6142013440,356,1816401868,204858080,46676032,2067935980,333.8118408404312,5753551,8388608,5574569,8829852,39,4458362,3894829,563533,6218199,1759837,598241,598241,4458362,939,12090637,11566039,2,6194915,6218199,23284,1736553,4458362,817728780,820338608,178334480
0,52.003024936,3023704064,3023704064,6142013440,356,1849648804,205382368,47482304,2102513476,333.1328173412385,5860711,8388608,5678417,8895388,39,4538180,3962775,575405,6335186,1797006,610839,610839,4538180,957,12340756,11804335,2,6311337,6335186,23849,1773157,4538180,833096484,835025120,181527200
0,53.003020067,3068805120,3068805120,6142013440,356,1884115020,205382368,48344960,2137842348,332.38203306869855,5971257,8388608,5785019,8895388,39,4621011,4032903,588108,6456428,1835417,624318,624318,4621011,973,12608657,12052465,2,6431883,6456428,24545,1810872,4621011,849008556,850266024,184840440
0,54.003045766,3111723008,3111723008,6142013440,356,1915903028,209838816,49121024,2174862868,332.3882013241041,6073422,8388608,5883729,9452444,39,4697359,4097895,599464,6568227,1870868,636444,636444,4697359,988,12848502,12281181,2,6543141,6568227,25086,1845782,4697359,863694612,864314056,187894360
0,55.003803299,3154657280,3154657280,6142013440,356,1947947148,209838816,49908672,2207694636,331.7142451457919,6176491,8388608,5983305,9452444,39,4774254,4163238,611016,6681112,1906858,648751,648751,4774254,1004,13092514,12512130,2,6655411,6681112,25701,1881157,4774254,878514252,878462736,190970160
0,56.002933189,3195486208,3195486208,6142013440,356,1979822108,209838816,50684416,2240345340,331.06338753611396,6279045,8388608,6082329,9452444,39,4850725,4228346,622379,6793502,1942777,660872,660872,4850725,1026,13331873,12743938,2,6767119,6793502,26383,1916394,4850725,893259708,892533400,194029000
0,57.00298022,3236286464,3236286464,6611775488,356,2010916236,209838816,51417024,2272172076,330.42840259128155,6379600,8388608,6180064,9452444,39,4925115,4292067,633048,6903383,1978268,672319,672319,4925115,1050,13556983,12970815,2,6876443,6903383,26940,1951328,4925115,907690476,906221160,197004600
0,58.002935275,3272716288,3272716288,6611775488,356,2038223484,209969888,52076288,2300269660,329.914575050281,6467295,8388608,6265634,9468828,39,4990524,4347823,642701,6999796,2009272,682620,682620,4990524,1064,13760762,13169704,2,6972319,6999796,27477,1981795,4990524,920346108,918256416,199620960
0,59.002921602,3315589120,3315589120,6611775488,356,2070759056,210494176,52874496,2334127728,329.3699708917225,6572105,8388608,6366910,9534364,39,5068402,4414028,654374,7114795,2046393,695092,695092,5068402,1089,14007876,13408048,2,7086644,7114795,28151,2018242,5068402,935437008,932585968,202736080
0,60.002941342,3356381184,3356381184,6611775488,356,2103948988,210494176,53697664,2368140828,328.75872613014155,6678937,8388608,6470443,9534364,39,5147840,4481392,666448,7232055,2084215,707954,707954,5147840,1114,14262742,13651586,2,7203279,7232055,28776,2055439,5147840,950832828,947202560,205913600
0,61.002936957,3401379840,3401379840,6611775488,356,2137562648,210494176,54532288,2402589112,328.1537874439974,6787285,8388608,6575225,9534364,39,5228215,4549519,678696,7350974,2122759,720995,720995,5228215,1140,14521435,13899037,2,7321534,7350974,29440,2093319,5228215,966442488,961991560,209128600
0,62.002927859,3441790976,3441790976,6632747008,356,2167705712,210494176,55263424,2433463312,327.6412051884824,6883937,8388608,6668891,9534364,39,5300503,4611032,689471,7457356,2156853,732419,732419,5300503,1158,14750531,14120358,2,7427220,7457356,30136,2126717,5300503,980393040,975292552,212020120
0,63.003741019,3487928320,3487928320,6632747008,356,2202008672,211542752,56123968,2469675392,327.1987722206442,6994744,8388608,6775640,9665436,39,5382505,4680396,702109,7578755,2196250,745865,745865,5382505,1173,15016757,14373857,2,7547936,7578755,30819,2165431,5382505,996327552,990380920,215300200
0,64.002940875,3534225408,3534225408,6632747008,356,2236181080,215737056,56975296,2508893432,327.1669415124805,7105141,8388608,6882688,10189724,39,5463989,4749403,714586,7700023,2236034,759167,759167,5463989,1189,15278818,14627645,2,7668542,7700023,31481,2204553,5463989,1012247544,1005373976,218559560
0,65.002932589,3579187200,3579187200,6632747008,356,2268371764,216785632,57783296,2542940692,326.7699014643051,7210694,8388608,6983209,10320796,39,5540807,4814408,726399,7814026,2273219,771792,771792,5540807,1209,15526873,14866370,2,7782053,7814026,31973,2241246,5540807,1027230996,1019508488,221632280
0,66.002952364,3622051840,3622051840,6632747008,356,2300611680,216785632,58605056,2576002368,326.25168166376045,7314595,8388608,7083424,10320796,39,5617734,4879268,738466,7928462,2310728,784632,784632,5617734,1232,15778696,15105525,2,7895752,7928462,32710,2278018,5617734,1042239264,1033663056,224709360
0,67.004622757,3664904192,3664904192,6632747008,356,2332319344,216785632,59439872,2608544848,325.7565198887264,7416478,8388608,7182585,10320796,39,5693345,4942626,750719,8040983,2347638,797676,797676,5693345,1250,16035016,15342042,2,8007652,8040983,33331,2314307,5693345,1057010064,1047575480,227733800
0,68.002931484,3701329920,3701329920,6632747008,356,2359507004,216785632,60141696,2636434332,325.35047863437507,7503038,8388608,7266719,10320796,39,5758315,4997262,761053,8137306,2378991,808642,808642,5758315,1265,16253578,15544596,2,8103367,8137306,33939,2345052,5758315,1069644444,1059529960,230332600
0,69.002988623,3742068736,3742068736,6632747008,356,2390722884,216785632,60918272,2668426788,324.8837841105373,7603530,8388608,7363911,10320796,39,5832783,5060336,772447,8248168,2415385,820776,820776,5832783,1292,16497582,15777900,2,8213481,8248168,34687,2380698,5832783,1084179492,1073232072,233311320
0,70.002927611,3784118272,3784118272,7169617920,356,2422190148,218882784,61721600,2702794532,324.68367747654395,7705071,8388608,7461832,10582940,39,5907903,5123684,784219,8359712,2451809,833328,833328,5907903,1308,16743920,16013766,2,8324393,8359712,35319,2416490,5907903,1098819876,1087054152,236316120
0,71.002955751,3821867008,3821867008,7169617920,356,2448736636,219407072,62434624,2730578332,324.37102656891346,7791721,8388608,7544119,10648476,39,5971211,5176494,794717,8453901,2482690,844469,844469,5971211,1326,16959796,16212629,2,8418071,8453901,35830,2446860,5971211,1111185372,1098702824,238848440
0,72.003675563,3862560768,3862560768,7169617920,356,2480226308,219407072,63230080,2762863460,323.9262813805171,7892961,8388608,7642748,10648476,39,6046246,5239872,806374,8565803,2519557,856898,856898,6046246,1350,17205983,16450536,2,8529297,8565803,36506,2483051,6046246,1125867204,1112509264,241849840
0,73.370523319,3891359744,3891359744,7236726784,356,2505083176,219407072,63830976,2788321224,323.57827336336186,7972968,8388608,7720682,10648476,39,6105446,5290281,815165,8654204,2548758,866287,866287,6105446,1370,17395713,16638209,2,8617146,8654204,37058,2511700,6105446,1137463272,1123402064,244217840
0,74.003202808,3922616320,3922616320,7237861376,356,2527879640,219407072,64063744,2811350456,323.2118651219119,8051283,8388608,7798057,10648476,39,6159472,5341237,818235,8735382,2575910,869924,869924,6159472,1377,17466585,16810338,2,8698166,8735382,37216,2538694,6159472,1148157912,1133342848,246378880
0,75.003751497,3924877312,3924877312,7238004736,356,2529902220,219407072,64082304,2813391596,323.17942186160127,8058325,8388608,7804788,10648476,39,6164265,5345784,818481,8742588,2578323,870214,870214,6164265,1380,17471945,16825422,2,8705355,8742588,37233,2541090,6164265,1149106860,1134224760,246570600
