rank,operation,calls,timed_calls,sampled_ns,estimated_total_ns,mean_ns,sample_interval,accounting,node_leader_rank,ranks_on_node,intra_node_messages,intra_node_payload_bytes,inter_node_messages,inter_node_payload_bytes
0,search_total,1,1,64692305006,64692305006.000,64692305006.000,1,reference,0,6,,,,
0,non_mpi_search,1,1,64510159139,46497654797.388,46497654797.388,1,estimated,0,6,,,,
0,MPI_Bsend,12446248,124463,45309307,4530911770.005,364.038,100,estimated,0,6,657878,45224913,11788370,813389236
0,MPI_Send,95,1,2447,232465.000,2447.000,100,estimated,0,6,5,5,90,90
0,MPI_Recv,12439384,124394,66924892,6692480591.882,538.007,100,estimated,0,6,,,,
0,MPI_Iprobe_hit,12439279,124463,44111834,4408695036.498,354.417,100,estimated,0,6,,,,
0,MPI_Iprobe_miss,22048270,220413,25612567,2562066632.227,116.203,100,estimated,0,6,,,,
0,MPI_Barrier,1,1,105927,105927.000,105927.000,100,estimated,0,6,,,,
0,MPI_Gather,2,1,78893,157786.000,78893.000,100,estimated,0,6,,,,
1,search_total,1,1,64676690475,64676690475.000,64676690475.000,1,reference,0,6,,,,
1,non_mpi_search,1,1,64492555089,46276553168.544,46276553168.544,1,estimated,0,6,,,,
1,MPI_Bsend,12809666,128097,51164493,5116435719.723,399.420,100,estimated,0,6,676319,46497636,12133347,837199720
1,MPI_Send,0,0,0,0.000,,100,estimated,0,6,0,0,0,0
1,MPI_Recv,12439582,124396,57685146,5768506253.006,463.722,100,estimated,0,6,,,,
1,MPI_Iprobe_hit,12439581,124178,31767906,3182362736.454,255.826,100,estimated,0,6,,,,
1,MPI_Iprobe_miss,47006962,470288,43346623,4332649483.273,92.170,100,estimated,0,6,,,,
1,MPI_Barrier,1,1,159322,159322.000,159322.000,100,estimated,0,6,,,,
1,MPI_Gather,2,1,11896,23792.000,11896.000,100,estimated,0,6,,,,
2,search_total,1,1,64677420523,64677420523.000,64677420523.000,1,reference,0,6,,,,
2,non_mpi_search,1,1,64491409149,46098730984.609,46098730984.609,1,estimated,0,6,,,,
2,MPI_Bsend,12350964,123510,47225423,4722528534.999,382.361,100,estimated,0,6,651139,44760216,11699825,807286551
2,MPI_Send,0,0,0,0.000,,100,estimated,0,6,0,0,0,0
2,MPI_Recv,12436461,124365,70875202,7087497974.029,569.897,100,estimated,0,6,,,,
2,MPI_Iprobe_hit,12436460,124556,44516439,4444803244.853,357.401,100,estimated,0,6,,,,
2,MPI_Iprobe_miss,19077622,190585,23213282,2323657262.510,121.800,100,estimated,0,6,,,,
2,MPI_Barrier,1,1,159534,159534.000,159534.000,100,estimated,0,6,,,,
2,MPI_Gather,2,1,21494,42988.000,21494.000,100,estimated,0,6,,,,
3,search_total,1,1,64677468047,64677468047.000,64677468047.000,1,reference,0,6,,,,
3,non_mpi_search,1,1,64459055898,42853235879.883,42853235879.883,1,estimated,0,6,,,,
3,MPI_Bsend,12361314,123614,80508195,8050763489.315,651.287,100,estimated,0,6,655389,45053466,11705925,807707469
3,MPI_Send,0,0,0,0.000,,100,estimated,0,6,0,0,0,0
3,MPI_Recv,12436795,124368,68858919,6885889131.646,553.671,100,estimated,0,6,,,,
3,MPI_Iprobe_hit,12436794,124362,44557727,4455985524.575,358.291,100,estimated,0,6,,,,
3,MPI_Iprobe_miss,19551566,195522,24314863,2431407456.580,124.359,100,estimated,0,6,,,,
3,MPI_Barrier,1,1,158325,158325.000,158325.000,100,estimated,0,6,,,,
3,MPI_Gather,2,1,14120,28240.000,14120.000,100,estimated,0,6,,,,
4,search_total,1,1,64677469680,64677469680.000,64677469680.000,1,reference,0,6,,,,
4,non_mpi_search,1,1,64484921044,45437799093.332,45437799093.332,1,estimated,0,6,,,,
4,MPI_Bsend,12483466,124835,44919301,4491917865.801,359.829,100,estimated,0,6,660094,45378111,11823372,815811774
4,MPI_Send,0,0,0,0.000,,100,estimated,0,6,0,0,0,0
4,MPI_Recv,12432142,124322,69281882,6928155877.892,557.278,100,estimated,0,6,,,,
4,MPI_Iprobe_hit,12432141,124164,45233309,4529065392.421,364.303,100,estimated,0,6,,,,
4,MPI_Iprobe_miss,29707000,297228,32920549,3290304914.554,110.759,100,estimated,0,6,,,,
4,MPI_Barrier,1,1,160654,160654.000,160654.000,100,estimated,0,6,,,,
4,MPI_Gather,2,1,32941,65882.000,32941.000,100,estimated,0,6,,,,
5,search_total,1,1,64676696691,64676696691.000,64676696691.000,1,reference,0,6,,,,
5,non_mpi_search,1,1,64500665898,47094983355.049,47094983355.049,1,estimated,0,6,,,,
5,MPI_Bsend,12395909,123960,49156981,4915662013.478,396.555,100,estimated,0,6,651559,44957520,11744350,810190932
5,MPI_Send,0,0,0,0.000,,100,estimated,0,6,0,0,0,0
5,MPI_Recv,12419474,124195,64810635,6481049932.010,521.846,100,estimated,0,6,,,,
5,MPI_Iprobe_hit,12419473,124459,34898079,3482397816.890,280.398,100,estimated,0,6,,,,
5,MPI_Iprobe_miss,24668246,246419,26995363,2702422521.572,109.551,100,estimated,0,6,,,,
5,MPI_Barrier,1,1,158418,158418.000,158418.000,100,estimated,0,6,,,,
5,MPI_Gather,2,1,11317,22634.000,11317.000,100,estimated,0,6,,,,
6,search_total,1,1,64677448813,64677448813.000,64677448813.000,1,reference,6,6,,,,
6,non_mpi_search,1,1,64501437582,47093482836.291,47093482836.291,1,estimated,6,6,,,,
6,MPI_Bsend,12330431,123305,45721134,4572087815.001,370.797,100,estimated,6,6,651984,44818572,11678447,805811880
6,MPI_Send,0,0,0,0.000,,100,estimated,6,6,0,0,0,0
6,MPI_Recv,12427474,124275,67258113,6725797228.699,541.204,100,estimated,6,6,,,,
6,MPI_Iprobe_hit,12427473,124209,41968399,4199060820.277,337.885,100,estimated,6,6,,,,
6,MPI_Iprobe_miss,16556877,165635,20876369,2086802147.732,126.038,100,estimated,6,6,,,,
6,MPI_Barrier,1,1,156467,156467.000,156467.000,100,estimated,6,6,,,,
6,MPI_Gather,2,1,30749,61498.000,30749.000,100,estimated,6,6,,,,
7,search_total,1,1,64676707215,64676707215.000,64676707215.000,1,reference,6,6,,,,
7,non_mpi_search,1,1,64499408732,46964830195.913,46964830195.913,1,estimated,6,6,,,,
7,MPI_Bsend,12736276,127363,43832748,4383266540.255,344.156,100,estimated,6,6,673095,46275231,12063181,832358864
7,MPI_Send,0,0,0,0.000,,100,estimated,6,6,0,0,0,0
7,MPI_Recv,12431489,124315,58315412,5831536039.967,469.094,100,estimated,6,6,,,,
7,MPI_Iprobe_hit,12431488,124349,31309007,3130041615.231,251.783,100,estimated,6,6,,,,
7,MPI_Iprobe_miss,46728447,467251,43665232,4366835981.635,93.451,100,estimated,6,6,,,,
7,MPI_Barrier,1,1,155326,155326.000,155326.000,100,estimated,6,6,,,,
7,MPI_Gather,2,1,20758,41516.000,20758.000,100,estimated,6,6,,,,
8,search_total,1,1,64677455093,64677455093.000,64677455093.000,1,reference,6,6,,,,
8,non_mpi_search,1,1,64490057245,45953605364.303,45953605364.303,1,estimated,6,6,,,,
8,MPI_Bsend,12125532,121256,47254875,4725460999.608,389.712,100,estimated,6,6,641003,44060883,11484529,792431369
8,MPI_Send,0,0,0,0.000,,100,estimated,6,6,0,0,0,0
8,MPI_Recv,12428962,124290,75040658,7504042857.326,603.755,100,estimated,6,6,,,,
8,MPI_Iprobe_hit,12428961,124141,50388416,5044873630.112,405.897,100,estimated,6,6,,,,
8,MPI_Iprobe_miss,6229904,62448,14527219,1449256657.651,232.629,100,estimated,6,6,,,,
8,MPI_Barrier,1,1,157776,157776.000,157776.000,100,estimated,6,6,,,,
8,MPI_Gather,2,1,28904,57808.000,28904.000,100,estimated,6,6,,,,
9,search_total,1,1,64677456982,64677456982.000,64677456982.000,1,reference,6,6,,,,
9,non_mpi_search,1,1,64494655187,46419582112.137,46419582112.137,1,estimated,6,6,,,,
9,MPI_Bsend,12290948,122910,46942751,4694255239.752,381.928,100,estimated,6,6,649890,44674086,11641058,803230919
9,MPI_Send,0,0,0,0.000,,100,estimated,6,6,0,0,0,0
9,MPI_Recv,12421845,124219,71620707,7162038988.757,576.568,100,estimated,6,6,,,,
9,MPI_Iprobe_hit,12421844,124473,45977534,4588350524.633,369.378,100,estimated,6,6,,,,
9,MPI_Iprobe_miss,11861405,118360,18091645,1813047722.721,152.853,100,estimated,6,6,,,,
9,MPI_Barrier,1,1,155922,155922.000,155922.000,100,estimated,6,6,,,,
9,MPI_Gather,2,1,13236,26472.000,13236.000,100,estimated,6,6,,,,
10,search_total,1,1,64677446970,64677446970.000,64677446970.000,1,reference,6,6,,,,
10,non_mpi_search,1,1,64491973280,46149864551.582,46149864551.582,1,estimated,6,6,,,,
10,MPI_Bsend,12499130,124992,47579642,4757937553.695,380.661,100,estimated,6,6,659781,45356565,11839349,816913798
10,MPI_Send,0,0,0,0.000,,100,estimated,6,6,0,0,0,0
10,MPI_Recv,12425522,124256,63744657,6374425685.166,513.011,100,estimated,6,6,,,,
10,MPI_Iprobe_hit,12425521,124311,41711368,4169264819.869,335.540,100,estimated,6,6,,,,
10,MPI_Iprobe_miss,30591317,305858,32251564,3225738146.688,105.446,100,estimated,6,6,,,,
10,MPI_Barrier,1,1,156705,156705.000,156705.000,100,estimated,6,6,,,,
10,MPI_Gather,2,1,29754,59508.000,29754.000,100,estimated,6,6,,,,
11,search_total,1,1,64676701373,64676701373.000,64676701373.000,1,reference,6,6,,,,
11,non_mpi_search,1,1,64486478652,45671541545.280,45671541545.280,1,estimated,6,6,,,,
11,MPI_Bsend,12443820,124439,63153937,6315353099.264,507.509,100,estimated,6,6,655143,45204867,11788677,813249115
11,MPI_Send,0,0,0,0.000,,100,estimated,6,6,0,0,0,0
11,MPI_Recv,12421777,124218,61717227,6171711272.540,496.846,100,estimated,6,6,,,,
11,MPI_Iprobe_hit,12421776,124248,34438759,3443037715.021,277.178,100,estimated,6,6,,,,
11,MPI_Iprobe_miss,30491491,304885,30745771,3074878723.894,100.844,100,estimated,6,6,,,,
11,MPI_Barrier,1,1,155037,155037.000,155037.000,100,estimated,6,6,,,,
11,MPI_Gather,2,1,11990,23980.000,11990.000,100,estimated,6,6,,,,
12,search_total,1,1,64677429413,64677429413.000,64677429413.000,1,reference,12,6,,,,
12,non_mpi_search,1,1,64284484647,25402426753.769,25402426753.769,1,estimated,12,6,,,,
12,MPI_Bsend,12480144,124802,247733329,24773221739.390,1985.011,100,estimated,12,6,658982,45301434,11821162,815656806
12,MPI_Send,0,0,0,0.000,,100,estimated,12,6,0,0,0,0
12,MPI_Recv,12430586,124306,65566482,6556640815.556,527.460,100,estimated,12,6,,,,
12,MPI_Iprobe_hit,12430585,124347,42604392,4259029298.088,342.625,100,estimated,12,6,,,,
12,MPI_Iprobe_miss,36541116,365371,36854907,3685895793.197,100.870,100,estimated,12,6,,,,
12,MPI_Barrier,1,1,156299,156299.000,156299.000,100,estimated,12,6,,,,
12,MPI_Gather,2,1,29357,58714.000,29357.000,100,estimated,12,6,,,,
13,search_total,1,1,64676702911,64676702911.000,64676702911.000,1,reference,12,6,,,,
13,non_mpi_search,1,1,64493200078,46351229416.193,46351229416.193,1,estimated,12,6,,,,
13,MPI_Bsend,12720047,127201,45975472,4597528043.704,361.440,100,estimated,12,6,670926,46125570,12049121,831387239
13,MPI_Send,0,0,0,0.000,,100,estimated,12,6,0,0,0,0
13,MPI_Recv,12423434,124235,61673563,6167323535.842,496.427,100,estimated,12,6,,,,
13,MPI_Iprobe_hit,12423433,124714,31891551,3176889099.176,255.717,100,estimated,12,6,,,,
13,MPI_Iprobe_miss,47211061,471631,43790921,4383545277.086,92.850,100,estimated,12,6,,,,
13,MPI_Barrier,1,1,155113,155113.000,155113.000,100,estimated,12,6,,,,
13,MPI_Gather,2,1,16213,32426.000,16213.000,100,estimated,12,6,,,,
14,search_total,1,1,64677416924,64677416924.000,64677416924.000,1,reference,12,6,,,,
14,non_mpi_search,1,1,64483563566,45314531961.329,45314531961.329,1,estimated,12,6,,,,
14,MPI_Bsend,12569500,125695,45317169,4531716900.000,360.533,100,estimated,12,6,665563,45755523,11903937,821370361
14,MPI_Send,0,0,0,0.000,,100,estimated,12,6,0,0,0,0
14,MPI_Recv,12423841,124239,70430958,7043062352.962,566.899,100,estimated,12,6,,,,
14,MPI_Iprobe_hit,12423840,124430,45739648,4566921710.265,367.593,100,estimated,12,6,,,,
14,MPI_Iprobe_miss,30030346,300112,32189331,3220986656.443,107.258,100,estimated,12,6,,,,
14,MPI_Barrier,1,1,155161,155161.000,155161.000,100,estimated,12,6,,,,
14,MPI_Gather,2,1,21091,42182.000,21091.000,100,estimated,12,6,,,,
15,search_total,1,1,64677424530,64677424530.000,64677424530.000,1,reference,12,6,,,,
15,non_mpi_search,1,1,64484811448,45436308956.777,45436308956.777,1,estimated,12,6,,,,
15,MPI_Bsend,12412325,124124,48458822,4845852919.509,390.407,100,estimated,12,6,657522,45200694,11754803,811079795
15,MPI_Send,0,0,0,0.000,,100,estimated,12,6,0,0,0,0
15,MPI_Recv,12438552,124386,70937147,7093687325.673,570.298,100,estimated,12,6,,,,
15,MPI_Iprobe_hit,12438551,124516,46158583,4611020983.112,370.704,100,estimated,12,6,,,,
15,MPI_Iprobe_miss,22351766,223388,26888068,2690367450.929,120.365,100,estimated,12,6,,,,
15,MPI_Barrier,1,1,154030,154030.000,154030.000,100,estimated,12,6,,,,
15,MPI_Gather,2,1,16432,32864.000,16432.000,100,estimated,12,6,,,,
16,search_total,1,1,64677448229,64677448229.000,64677448229.000,1,reference,12,6,,,,
16,non_mpi_search,1,1,64507270571,47675500428.346,47675500428.346,1,estimated,12,6,,,,
16,MPI_Bsend,12296055,122961,43150569,4315041108.199,350.929,100,estimated,12,6,649852,44671464,11646203,803586706
16,MPI_Send,0,0,0,0.000,,100,estimated,12,6,0,0,0,0
16,MPI_Recv,12425646,124257,65795853,6579556706.230,529.514,100,estimated,12,6,,,,
16,MPI_Iprobe_hit,12425645,124100,42849249,4290326805.726,345.280,100,estimated,12,6,,,,
16,MPI_Iprobe_miss,12798852,128145,18190141,1816792871.498,141.950,100,estimated,12,6,,,,
16,MPI_Barrier,1,1,153383,153383.000,153383.000,100,estimated,12,6,,,,
16,MPI_Gather,2,1,38463,76926.000,38463.000,100,estimated,12,6,,,,
17,search_total,1,1,64676798766,64676798766.000,64676798766.000,1,reference,12,6,,,,
17,non_mpi_search,1,1,64490739319,46086705031.875,46086705031.875,1,estimated,12,6,,,,
17,MPI_Bsend,12101322,121014,64525093,6452467710.124,533.204,100,estimated,12,6,635127,43823763,11466195,790998177
17,MPI_Send,0,0,0,0.000,,100,estimated,12,6,0,0,0,0
17,MPI_Recv,12437601,124377,67860118,6785957785.579,545.600,100,estimated,12,6,,,,
17,MPI_Iprobe_hit,12437600,124231,36283971,3632632094.321,292.069,100,estimated,12,6,,,,
17,MPI_Iprobe_miss,11553521,115681,17209974,1718828468.102,148.771,100,estimated,12,6,,,,
17,MPI_Barrier,1,1,152906,152906.000,152906.000,100,estimated,12,6,,,,
17,MPI_Gather,2,1,27385,54770.000,27385.000,100,estimated,12,6,,,,
18,search_total,1,1,64677464025,64677464025.000,64677464025.000,1,reference,18,6,,,,
18,non_mpi_search,1,1,64498700763,46824030059.364,46824030059.364,1,estimated,18,6,,,,
18,MPI_Bsend,12279968,122800,41982013,4198190360.062,341.873,100,estimated,18,6,649438,44642898,11630530,802505616
18,MPI_Send,0,0,0,0.000,,100,estimated,18,6,0,0,0,0
18,MPI_Recv,12432049,124321,71055633,7105534150.964,571.550,100,estimated,18,6,,,,
18,MPI_Iprobe_hit,12432048,124586,43137329,4304539392.225,346.245,100,estimated,18,6,,,,
18,MPI_Iprobe_miss,18034423,180079,22416793,2244980965.384,124.483,100,estimated,18,6,,,,
18,MPI_Barrier,1,1,153891,153891.000,153891.000,100,estimated,18,6,,,,
18,MPI_Gather,2,1,17603,35206.000,17603.000,100,estimated,18,6,,,,
19,search_total,1,1,64676734704,64676734704.000,64676734704.000,1,reference,18,6,,,,
19,non_mpi_search,1,1,64478205974,44839169520.666,44839169520.666,1,estimated,18,6,,,,
19,MPI_Bsend,12557272,125573,58868684,5886855273.586,468.800,100,estimated,18,6,664048,45650988,11893224,820630862
19,MPI_Send,0,0,0,0.000,,100,estimated,18,6,0,0,0,0
19,MPI_Recv,12442814,124429,64121693,6412124981.830,515.328,100,estimated,18,6,,,,
19,MPI_Iprobe_hit,12442813,124355,33329092,3334869198.792,268.016,100,estimated,18,6,,,,
19,MPI_Iprobe_miss,41480418,414878,42042837,4203535624.125,101.338,100,estimated,18,6,,,,
19,MPI_Barrier,1,1,152743,152743.000,152743.000,100,estimated,18,6,,,,
19,MPI_Gather,2,1,13681,27362.000,13681.000,100,estimated,18,6,,,,
20,search_total,1,1,64677479618,64677479618.000,64677479618.000,1,reference,18,6,,,,
20,non_mpi_search,1,1,64486428740,45596086536.541,45596086536.541,1,estimated,18,6,,,,
20,MPI_Bsend,12435217,124353,47631750,4763143207.962,383.037,100,estimated,18,6,657496,45198900,11777721,812661644
20,MPI_Send,0,0,0,0.000,,100,estimated,18,6,0,0,0,0
20,MPI_Recv,12435949,124360,68586644,6858636272.637,551.517,100,estimated,18,6,,,,
20,MPI_Iprobe_hit,12435948,124577,44955850,4487735399.759,360.868,100,estimated,18,6,,,,
20,MPI_Iprobe_miss,26593528,265718,29692349,2971662870.100,111.744,100,estimated,18,6,,,,
20,MPI_Barrier,1,1,153239,153239.000,153239.000,100,estimated,18,6,,,,
20,MPI_Gather,2,1,31046,62092.000,31046.000,100,estimated,18,6,,,,
21,search_total,1,1,64677470300,64677470300.000,64677470300.000,1,reference,18,6,,,,
21,non_mpi_search,1,1,64452858409,42225336581.387,42225336581.387,1,estimated,18,6,,,,
21,MPI_Bsend,12371158,123712,83397466,8339718286.711,674.126,100,estimated,18,6,652689,44867217,11718469,808572429
21,MPI_Send,0,0,0,0.000,,100,estimated,18,6,0,0,0,0
21,MPI_Recv,12434073,124341,69677186,6967703469.962,560.372,100,estimated,18,6,,,,
21,MPI_Iprobe_hit,12434072,124049,46096078,4620447990.468,371.596,100,estimated,18,6,,,,
21,MPI_Iprobe_miss,21143540,211728,25275790,2524085982.471,119.379,100,estimated,18,6,,,,
21,MPI_Barrier,1,1,152753,152753.000,152753.000,100,estimated,18,6,,,,
21,MPI_Gather,2,1,12618,25236.000,12618.000,100,estimated,18,6,,,,
22,search_total,1,1,64677477655,64677477655.000,64677477655.000,1,reference,18,6,,,,
22,non_mpi_search,1,1,64485648194,45515158124.979,45515158124.979,1,estimated,18,6,,,,
22,MPI_Bsend,12403520,124036,43631030,4363074859.118,351.761,100,estimated,18,6,654490,44991486,11749030,810681449
22,MPI_Send,0,0,0,0.000,,100,estimated,18,6,0,0,0,0
22,MPI_Recv,12440594,124406,68845306,6884527279.647,553.392,100,estimated,18,6,,,,
22,MPI_Iprobe_hit,12440593,124528,42838137,4279614442.497,344.004,100,estimated,18,6,,,,
22,MPI_Iprobe_miss,35204093,351919,36336373,3634896252.759,103.252,100,estimated,18,6,,,,
22,MPI_Barrier,1,1,150534,150534.000,150534.000,100,estimated,18,6,,,,
22,MPI_Gather,2,1,28081,56162.000,28081.000,100,estimated,18,6,,,,
23,search_total,1,1,64676734490,64676734490.000,64676734490.000,1,reference,18,6,,,,
23,non_mpi_search,1,1,64492764572,46295084213.044,46295084213.044,1,estimated,18,6,,,,
23,MPI_Bsend,12289465,122895,61523839,6152366378.259,500.621,100,estimated,18,6,646899,44636031,11642566,803167091
23,MPI_Send,0,0,0,0.000,,100,estimated,18,6,0,0,0,0
23,MPI_Recv,12420069,124201,61190793,6119064027.059,492.676,100,estimated,18,6,,,,
23,MPI_Iprobe_hit,12420068,124131,32607138,3262544177.082,262.683,100,estimated,18,6,,,,
23,MPI_Iprobe_miss,28274832,282818,28481958,2847494068.557,100.708,100,estimated,18,6,,,,
23,MPI_Barrier,1,1,150754,150754.000,150754.000,100,estimated,18,6,,,,
23,MPI_Gather,2,1,15436,30872.000,15436.000,100,estimated,18,6,,,,
24,search_total,1,1,64677421567,64677421567.000,64677421567.000,1,reference,24,6,,,,
24,non_mpi_search,1,1,64405701296,37517604643.675,37517604643.675,1,estimated,24,6,,,,
24,MPI_Bsend,12572314,125724,126472755,12647188987.823,1005.956,100,estimated,24,6,664710,45696666,11907604,821622904
24,MPI_Send,0,0,0,0.000,,100,estimated,24,6,0,0,0,0
24,MPI_Recv,12417705,124178,66911121,6691060910.929,538.832,100,estimated,24,6,,,,
24,MPI_Iprobe_hit,12417704,123938,42937775,4302058935.666,346.446,100,estimated,24,6,,,,
24,MPI_Iprobe_miss,32592440,326164,35218866,3519299422.907,107.979,100,estimated,24,6,,,,
24,MPI_Barrier,1,1,150842,150842.000,150842.000,100,estimated,24,6,,,,
24,MPI_Gather,2,1,28912,57824.000,28912.000,100,estimated,24,6,,,,
25,search_total,1,1,64676248257,64676248257.000,64676248257.000,1,reference,24,6,,,,
25,non_mpi_search,1,1,64495644760,46637041538.421,46637041538.421,1,estimated,24,6,,,,
25,MPI_Bsend,12642960,126430,48005786,4800563411.900,379.702,100,estimated,24,6,667954,45920502,11975006,826273464
25,MPI_Send,0,0,0,0.000,,100,estimated,24,6,0,0,0,0
25,MPI_Recv,12426241,124263,58254893,5825461640.611,468.803,100,estimated,24,6,,,,
25,MPI_Iprobe_hit,12426240,124548,33364091,3328758407.585,267.881,100,estimated,24,6,,,,
25,MPI_Iprobe_miss,42922270,428938,40815394,4084248449.483,95.155,100,estimated,24,6,,,,
25,MPI_Barrier,1,1,151857,151857.000,151857.000,100,estimated,24,6,,,,
25,MPI_Gather,2,1,11476,22952.000,11476.000,100,estimated,24,6,,,,
26,search_total,1,1,64677413835,64677413835.000,64677413835.000,1,reference,24,6,,,,
26,non_mpi_search,1,1,64457812548,42729199226.994,42729199226.994,1,estimated,24,6,,,,
26,MPI_Bsend,12346507,123466,76026867,7602629433.233,615.772,100,estimated,24,6,652937,44884329,11693570,806854096
26,MPI_Send,0,0,0,0.000,,100,estimated,24,6,0,0,0,0
26,MPI_Recv,12434561,124346,68502595,6850238014.780,550.903,100,estimated,24,6,,,,
26,MPI_Iprobe_hit,12434560,124139,44042421,4411571919.137,354.783,100,estimated,24,6,,,,
26,MPI_Iprobe_miss,27734311,277550,30858829,3083582635.856,111.183,100,estimated,24,6,,,,
26,MPI_Barrier,1,1,148545,148545.000,148545.000,100,estimated,24,6,,,,
26,MPI_Gather,2,1,22030,44060.000,22030.000,100,estimated,24,6,,,,
27,search_total,1,1,64677422440,64677422440.000,64677422440.000,1,reference,24,6,,,,
27,non_mpi_search,1,1,64471008655,44049964817.524,44049964817.524,1,estimated,24,6,,,,
27,MPI_Bsend,12424120,124242,65833770,6583334609.330,529.883,100,estimated,24,6,655628,45070008,11768492,812024994
27,MPI_Send,0,0,0,0.000,,100,estimated,24,6,0,0,0,0
27,MPI_Recv,12431213,124313,69428643,6942815710.617,558.499,100,estimated,24,6,,,,
27,MPI_Iprobe_hit,12431212,124210,44620412,4465709694.061,359.234,100,estimated,24,6,,,,
27,MPI_Iprobe_miss,22552546,225628,26366164,2635418150.467,116.857,100,estimated,24,6,,,,
27,MPI_Barrier,1,1,150134,150134.000,150134.000,100,estimated,24,6,,,,
27,MPI_Gather,2,1,14662,29324.000,14662.000,100,estimated,24,6,,,,
28,search_total,1,1,64677439830,64677439830.000,64677439830.000,1,reference,24,6,,,,
28,non_mpi_search,1,1,64482121393,45165426433.128,45165426433.128,1,estimated,24,6,,,,
28,MPI_Bsend,12675942,126760,45212383,4521217612.731,356.677,100,estimated,24,6,670153,46072233,12005789,828398496
28,MPI_Send,0,0,0,0.000,,100,estimated,24,6,0,0,0,0
28,MPI_Recv,12431318,124314,67972134,6797168564.221,546.778,100,estimated,24,6,,,,
28,MPI_Iprobe_hit,12431317,124429,42570252,4253062367.952,342.125,100,estimated,24,6,,,,
28,MPI_Iprobe_miss,38998104,389866,39392088,3940371164.967,101.040,100,estimated,24,6,,,,
28,MPI_Barrier,1,1,149473,149473.000,149473.000,100,estimated,24,6,,,,
28,MPI_Gather,2,1,22107,44214.000,22107.000,100,estimated,24,6,,,,
29,search_total,1,1,64676669189,64676669189.000,64676669189.000,1,reference,24,6,,,,
29,non_mpi_search,1,1,64486802451,45709243355.168,45709243355.168,1,estimated,24,6,,,,
29,MPI_Bsend,12425884,124259,62847609,6284752807.534,505.779,100,estimated,24,6,653758,45109302,11772126,812107229
29,MPI_Send,0,0,0,0.000,,100,estimated,24,6,0,0,0,0
29,MPI_Recv,12419547,124196,64141156,6414088228.094,516.451,100,estimated,24,6,,,,
29,MPI_Iprobe_hit,12419546,124383,34942631,3488994581.780,280.928,100,estimated,24,6,,,,
29,MPI_Iprobe_miss,27194118,271754,27775042,2779417302.424,102.207,100,estimated,24,6,,,,
29,MPI_Barrier,1,1,147686,147686.000,147686.000,100,estimated,24,6,,,,
29,MPI_Gather,2,1,12614,25228.000,12614.000,100,estimated,24,6,,,,
30,search_total,1,1,64677289949,64677289949.000,64677289949.000,1,reference,30,6,,,,
30,non_mpi_search,1,1,64465219646,43479691227.367,43479691227.367,1,estimated,30,6,,,,
30,MPI_Bsend,12470708,124708,62439974,6243951336.575,500.689,100,estimated,30,6,658045,45236781,11812663,815071806
30,MPI_Send,0,0,0,0.000,,100,estimated,30,6,0,0,0,0
30,MPI_Recv,12432709,124328,71418970,7141844725.965,574.440,100,estimated,30,6,,,,
30,MPI_Iprobe_hit,12432708,124046,44644517,4474567851.136,359.903,100,estimated,30,6,,,,
30,MPI_Iprobe_miss,30749884,307780,33401016,3337050384.957,108.522,100,estimated,30,6,,,,
30,MPI_Barrier,1,1,147229,147229.000,147229.000,100,estimated,30,6,,,,
30,MPI_Gather,2,1,18597,37194.000,18597.000,100,estimated,30,6,,,,
31,search_total,1,1,64676574318,64676574318.000,64676574318.000,1,reference,30,6,,,,
31,non_mpi_search,1,1,64492651686,46296243907.165,46296243907.165,1,estimated,30,6,,,,
31,MPI_Bsend,12657837,126579,45848696,4584846780.513,362.214,100,estimated,30,6,669239,46009167,11988598,827211837
31,MPI_Send,0,0,0,0.000,,100,estimated,30,6,0,0,0,0
31,MPI_Recv,12444355,124444,62354991,6235476551.909,501.069,100,estimated,30,6,,,,
31,MPI_Iprobe_hit,12444354,124226,34339072,3439920531.930,276.424,100,estimated,30,6,,,,
31,MPI_Iprobe_miss,43436562,434584,41219839,4119912588.484,94.849,100,estimated,30,6,,,,
31,MPI_Barrier,1,1,146110,146110.000,146110.000,100,estimated,30,6,,,,
31,MPI_Gather,2,1,13924,27848.000,13924.000,100,estimated,30,6,,,,
32,search_total,1,1,64677412434,64677412434.000,64677412434.000,1,reference,30,6,,,,
32,non_mpi_search,1,1,64429643703,39920639249.010,39920639249.010,1,estimated,30,6,,,,
32,MPI_Bsend,12150460,121505,111531620,11153125283.282,917.918,100,estimated,30,6,641568,44099868,11508892,794111652
32,MPI_Send,0,0,0,0.000,,100,estimated,30,6,0,0,0,0
32,MPI_Recv,12423588,124236,71843775,7184370560.584,578.285,100,estimated,30,6,,,,
32,MPI_Iprobe_hit,12423587,124133,47229554,4726869350.537,380.475,100,estimated,30,6,,,,
32,MPI_Iprobe_miss,10441440,104518,16937822,1692103294.587,162.057,100,estimated,30,6,,,,
32,MPI_Barrier,1,1,147224,147224.000,147224.000,100,estimated,30,6,,,,
32,MPI_Gather,2,1,78736,157472.000,78736.000,100,estimated,30,6,,,,
33,search_total,1,1,64677317647,64677317647.000,64677317647.000,1,reference,30,6,,,,
33,non_mpi_search,1,1,64487272137,45680030492.312,45680030492.312,1,estimated,30,6,,,,
33,MPI_Bsend,12427554,124276,46207245,4620707396.671,371.811,100,estimated,30,6,657110,45172266,11770444,812158830
33,MPI_Send,0,0,0,0.000,,100,estimated,30,6,0,0,0,0
33,MPI_Recv,12434339,124344,70861875,7086152736.969,569.886,100,estimated,30,6,,,,
33,MPI_Iprobe_hit,12434338,123974,45765483,4590184105.984,369.154,100,estimated,30,6,,,,
33,MPI_Iprobe_miss,22467648,225046,27044966,2700055883.064,120.175,100,estimated,30,6,,,,
33,MPI_Barrier,1,1,144850,144850.000,144850.000,100,estimated,30,6,,,,
33,MPI_Gather,2,1,21091,42182.000,21091.000,100,estimated,30,6,,,,
34,search_total,1,1,64677297314,64677297314.000,64677297314.000,1,reference,30,6,,,,
34,non_mpi_search,1,1,64486931356,45663359014.958,45663359014.958,1,estimated,30,6,,,,
34,MPI_Bsend,12569216,125693,45380763,4538045972.264,361.044,100,estimated,30,6,665247,45733719,11903969,821372436
34,MPI_Send,0,0,0,0.000,,100,estimated,30,6,0,0,0,0
34,MPI_Recv,12424943,124250,66465531,6646522608.770,534.934,100,estimated,30,6,,,,
34,MPI_Iprobe_hit,12424942,124473,43611076,4353274122.561,350.366,100,estimated,30,6,,,,
34,MPI_Iprobe_miss,33818361,337961,34736085,3475896515.446,102.781,100,estimated,30,6,,,,
34,MPI_Barrier,1,1,145926,145926.000,145926.000,100,estimated,30,6,,,,
34,MPI_Gather,2,1,26577,53154.000,26577.000,100,estimated,30,6,,,,
35,search_total,1,1,64676583439,64676583439.000,64676583439.000,1,reference,30,6,,,,
35,non_mpi_search,1,1,64496140894,46650932248.874,46650932248.874,1,estimated,30,6,,,,
35,MPI_Bsend,12420438,124205,54836227,5483595327.140,441.498,100,estimated,30,6,654564,45164916,11765874,811676188
35,MPI_Send,0,0,0,0.000,,100,estimated,30,6,0,0,0,0
35,MPI_Recv,12440391,124404,62803352,6280330656.495,504.834,100,estimated,30,6,,,,
35,MPI_Iprobe_hit,12440390,124556,34334335,3429240805.667,275.654,100,estimated,30,6,,,,
35,MPI_Iprobe_miss,28442529,284274,28308005,2832307045.824,99.580,100,estimated,30,6,,,,
35,MPI_Barrier,1,1,143897,143897.000,143897.000,100,estimated,30,6,,,,
35,MPI_Gather,2,1,16729,33458.000,16729.000,100,estimated,30,6,,,,
36,search_total,1,1,64677217433,64677217433.000,64677217433.000,1,reference,36,6,,,,
36,non_mpi_search,1,1,64487004801,45678807988.638,45678807988.638,1,estimated,36,6,,,,
36,MPI_Bsend,12606055,126061,45960356,4596019193.530,364.588,100,estimated,36,6,666092,45792024,11939963,823856324
36,MPI_Send,0,0,0,0.000,,100,estimated,36,6,0,0,0,0
36,MPI_Recv,12426701,124268,65985737,6598521131.455,530.995,100,estimated,36,6,,,,
36,MPI_Iprobe_hit,12426700,124518,41940835,4185629180.476,336.825,100,estimated,36,6,,,,
36,MPI_Iprobe_miss,35546753,355217,36154930,3618042960.901,101.783,100,estimated,36,6,,,,
36,MPI_Barrier,1,1,144570,144570.000,144570.000,100,estimated,36,6,,,,
36,MPI_Gather,2,1,26204,52408.000,26204.000,100,estimated,36,6,,,,
37,search_total,1,1,64676491678,64676491678.000,64676491678.000,1,reference,36,6,,,,
37,non_mpi_search,1,1,64495766892,46617320790.944,46617320790.944,1,estimated,36,6,,,,
37,MPI_Bsend,12755466,127555,45890602,4589047967.783,359.771,100,estimated,36,6,674331,46360515,12081135,833597850
37,MPI_Send,0,0,0,0.000,,100,estimated,36,6,0,0,0,0
37,MPI_Recv,12427651,124277,57979065,5797883639.984,466.531,100,estimated,36,6,,,,
37,MPI_Iprobe_hit,12427650,124144,31575318,3160901861.892,254.344,100,estimated,36,6,,,,
37,MPI_Iprobe_miss,48122931,481362,45124127,4511168829.397,93.743,100,estimated,36,6,,,,
37,MPI_Barrier,1,1,142760,142760.000,142760.000,100,estimated,36,6,,,,
37,MPI_Gather,2,1,12914,25828.000,12914.000,100,estimated,36,6,,,,
38,search_total,1,1,64677215306,64677215306.000,64677215306.000,1,reference,36,6,,,,
38,non_mpi_search,1,1,64482399716,45213268000.162,45213268000.162,1,estimated,36,6,,,,
38,MPI_Bsend,12416137,124162,52887189,5288692064.955,425.953,100,estimated,36,6,655660,45072216,11760477,811471790
38,MPI_Send,0,0,0,0.000,,100,estimated,36,6,0,0,0,0
38,MPI_Recv,12443246,124433,69432627,6943232568.428,557.992,100,estimated,36,6,,,,
38,MPI_Iprobe_hit,12443245,124498,44462460,4443904987.090,357.134,100,estimated,36,6,,,,
38,MPI_Iprobe_miss,24903995,248975,27872104,2787937498.365,111.947,100,estimated,36,6,,,,
38,MPI_Barrier,1,1,142233,142233.000,142233.000,100,estimated,36,6,,,,
38,MPI_Gather,2,1,18977,37954.000,18977.000,100,estimated,36,6,,,,
39,search_total,1,1,64677224067,64677224067.000,64677224067.000,1,reference,36,6,,,,
39,non_mpi_search,1,1,64490025069,45976278372.566,45976278372.566,1,estimated,36,6,,,,
39,MPI_Bsend,12192933,121930,51352828,5135254581.846,421.166,100,estimated,36,6,645935,44401191,11546998,796741072
39,MPI_Send,0,0,0,0.000,,100,estimated,36,6,0,0,0,0
39,MPI_Recv,12433607,124337,72819203,7281865833.623,585.660,100,estimated,36,6,,,,
39,MPI_Iprobe_hit,12433606,124526,47623353,4755071291.143,382.437,100,estimated,36,6,,,,
39,MPI_Iprobe_miss,7762067,77431,15248493,1528584472.821,196.930,100,estimated,36,6,,,,
39,MPI_Barrier,1,1,140727,140727.000,140727.000,100,estimated,36,6,,,,
39,MPI_Gather,2,1,14394,28788.000,14394.000,100,estimated,36,6,,,,
40,search_total,1,1,64677192934,64677192934.000,64677192934.000,1,reference,36,6,,,,
40,non_mpi_search,1,1,64497661732,46739063729.273,46739063729.273,1,estimated,36,6,,,,
40,MPI_Bsend,12252637,122527,42418516,4241829789.570,346.197,100,estimated,36,6,647736,44525460,11604901,800736219
40,MPI_Send,0,0,0,0.000,,100,estimated,36,6,0,0,0,0
40,MPI_Recv,12430041,124301,72634602,7263425723.676,584.344,100,estimated,36,6,,,,
40,MPI_Iprobe_hit,12430040,124186,44152413,4419308615.194,355.535,100,estimated,36,6,,,,
40,MPI_Iprobe_miss,14723513,147350,20149259,2013355119.287,136.744,100,estimated,36,6,,,,
40,MPI_Barrier,1,1,142867,142867.000,142867.000,100,estimated,36,6,,,,
40,MPI_Gather,2,1,33545,67090.000,33545.000,100,estimated,36,6,,,,
41,search_total,1,1,64676493007,64676493007.000,64676493007.000,1,reference,36,6,,,,
41,non_mpi_search,1,1,64500384662,47080186358.015,47080186358.015,1,estimated,36,6,,,,
41,MPI_Bsend,12536530,125366,48407813,4840754270.766,386.132,100,estimated,36,6,659907,45533583,11876623,819317718
41,MPI_Send,0,0,0,0.000,,100,estimated,36,6,0,0,0,0
41,MPI_Recv,12422998,124230,59412174,5941216443.513,478.243,100,estimated,36,6,,,,
41,MPI_Iprobe_hit,12422997,124186,32494533,3250603819.878,261.660,100,estimated,36,6,,,,
41,MPI_Iprobe_miss,35917388,359218,35640025,3563564760.827,99.216,100,estimated,36,6,,,,
41,MPI_Barrier,1,1,140246,140246.000,140246.000,100,estimated,36,6,,,,
41,MPI_Gather,2,1,13554,27108.000,13554.000,100,estimated,36,6,,,,
42,search_total,1,1,64677428044,64677428044.000,64677428044.000,1,reference,42,6,,,,
42,non_mpi_search,1,1,64491364976,46085734378.909,46085734378.909,1,estimated,42,6,,,,
42,MPI_Bsend,12381067,123811,46609264,4660913976.987,376.455,100,estimated,42,6,654956,45023640,11726111,809100563
42,MPI_Send,0,0,0,0.000,,100,estimated,42,6,0,0,0,0
42,MPI_Recv,12427306,124274,68929167,6892864562.452,554.655,100,estimated,42,6,,,,
42,MPI_Iprobe_hit,12427305,124198,41988544,4201391671.315,338.077,100,estimated,42,6,,,,
42,MPI_Iprobe_miss,25801387,258089,28371606,2836334699.338,109.930,100,estimated,42,6,,,,
42,MPI_Barrier,1,1,140219,140219.000,140219.000,100,estimated,42,6,,,,
42,MPI_Gather,2,1,24268,48536.000,24268.000,100,estimated,42,6,,,,
43,search_total,1,1,64676713818,64676713818.000,64676713818.000,1,reference,42,6,,,,
43,non_mpi_search,1,1,64501783805,47195692809.353,47195692809.353,1,estimated,42,6,,,,
43,MPI_Bsend,12666510,126666,41102943,4110265095.124,324.499,100,estimated,42,6,669572,46032144,11996938,827787750
43,MPI_Send,0,0,0,0.000,,100,estimated,42,6,0,0,0,0
43,MPI_Recv,12427655,124277,59700673,5970045682.723,480.384,100,estimated,42,6,,,,
43,MPI_Iprobe_hit,12427654,124099,33400984,3344876851.639,269.148,100,estimated,42,6,,,,
43,MPI_Iprobe_miss,42798862,428167,40573584,4055668051.161,94.761,100,estimated,42,6,,,,
43,MPI_Barrier,1,1,138330,138330.000,138330.000,100,estimated,42,6,,,,
43,MPI_Gather,2,1,13499,26998.000,13499.000,100,estimated,42,6,,,,
44,search_total,1,1,64677408023,64677408023.000,64677408023.000,1,reference,42,6,,,,
44,non_mpi_search,1,1,64430052041,39963212476.474,39963212476.474,1,estimated,42,6,,,,
44,MPI_Bsend,12184209,121843,106932984,10693218535.736,877.629,100,estimated,42,6,644427,44297139,11539782,796243533
44,MPI_Send,0,0,0,0.000,,100,estimated,42,6,0,0,0,0
44,MPI_Recv,12429332,124294,76190560,7619014316.909,612.987,100,estimated,42,6,,,,
44,MPI_Iprobe_hit,12429331,124544,46696939,4660294446.283,374.943,100,estimated,42,6,,,,
44,MPI_Iprobe_miss,10649892,106249,17373980,1741484725.599,163.521,100,estimated,42,6,,,,
44,MPI_Barrier,1,1,139516,139516.000,139516.000,100,estimated,42,6,,,,
44,MPI_Gather,2,1,22003,44006.000,22003.000,100,estimated,42,6,,,,
45,search_total,1,1,64677404804,64677404804.000,64677404804.000,1,reference,42,6,,,,
45,non_mpi_search,1,1,64490578709,46009336831.383,46009336831.383,1,estimated,42,6,,,,
45,MPI_Bsend,12183313,121834,45224391,4522406805.878,371.197,100,estimated,42,6,643331,44221515,11539982,796257626
45,MPI_Send,0,0,0,0.000,,100,estimated,42,6,0,0,0,0
45,MPI_Recv,12430313,124304,77445456,7744491396.156,623.033,100,estimated,42,6,,,,
45,MPI_Iprobe_hit,12430312,124257,46924958,4694237495.891,377.644,100,estimated,42,6,,,,
45,MPI_Iprobe_miss,9838520,98432,17075708,1706758926.692,173.477,100,estimated,42,6,,,,
45,MPI_Barrier,1,1,137816,137816.000,137816.000,100,estimated,42,6,,,,
45,MPI_Gather,2,1,17766,35532.000,17766.000,100,estimated,42,6,,,,
46,search_total,1,1,64677406317,64677406317.000,64677406317.000,1,reference,42,6,,,,
46,non_mpi_search,1,1,64481187602,45076884554.181,45076884554.181,1,estimated,42,6,,,,
46,MPI_Bsend,12550933,125510,48776544,4877628362.007,388.627,100,estimated,42,6,663864,45638292,11887069,820205998
46,MPI_Send,0,0,0,0.000,,100,estimated,42,6,0,0,0,0
46,MPI_Recv,12442590,124426,67987122,6798706735.939,546.406,100,estimated,42,6,,,,
46,MPI_Iprobe_hit,12442589,124651,43820501,4374136458.729,351.546,100,estimated,42,6,,,,
46,MPI_Iprobe_miss,33797180,337747,35475081,3549869275.143,105.034,100,estimated,42,6,,,,
46,MPI_Barrier,1,1,138003,138003.000,138003.000,100,estimated,42,6,,,,
46,MPI_Gather,2,1,21464,42928.000,21464.000,100,estimated,42,6,,,,
47,search_total,1,1,64676705280,64676705280.000,64676705280.000,1,reference,42,6,,,,
47,non_mpi_search,1,1,64502120150,47235110403.012,47235110403.012,1,estimated,42,6,,,,
47,MPI_Bsend,12378613,123787,48899218,4889887432.643,395.027,100,estimated,42,6,652365,45013185,11726248,808940865
47,MPI_Send,0,0,0,0.000,,100,estimated,42,6,0,0,0,0
47,MPI_Recv,12427480,124275,63100107,6310000545.084,507.746,100,estimated,42,6,,,,
47,MPI_Iprobe_hit,12427479,124388,35004901,3497304177.851,281.417,100,estimated,42,6,,,,
47,MPI_Iprobe_miss,26666434,266552,27430830,2744239089.409,102.910,100,estimated,42,6,,,,
47,MPI_Barrier,1,1,136516,136516.000,136516.000,100,estimated,42,6,,,,
47,MPI_Gather,2,1,13558,27116.000,13558.000,100,estimated,42,6,,,,
48,search_total,1,1,64677203672,64677203672.000,64677203672.000,1,reference,48,6,,,,
48,non_mpi_search,1,1,64488537555,45829347728.983,45829347728.983,1,estimated,48,6,,,,
48,MPI_Bsend,12472932,124730,44378172,4437793006.015,355.794,100,estimated,48,6,660401,45398878,11812531,815063814
48,MPI_Send,0,0,0,0.000,,100,estimated,48,6,0,0,0,0
48,MPI_Recv,12428259,124283,67064772,6706455075.851,539.613,100,estimated,48,6,,,,
48,MPI_Iprobe_hit,12428258,124215,43123981,4314744288.976,347.172,100,estimated,48,6,,,,
48,MPI_Iprobe_miss,32026923,320337,33893036,3388586564.175,105.804,100,estimated,48,6,,,,
48,MPI_Barrier,1,1,135304,135304.000,135304.000,100,estimated,48,6,,,,
48,MPI_Gather,2,1,70852,141704.000,70852.000,100,estimated,48,6,,,,
49,search_total,1,1,64688694192,64688694192.000,64688694192.000,1,reference,48,6,,,,
49,non_mpi_search,1,1,64516169465,47451077671.728,47451077671.728,1,estimated,48,6,,,,
49,MPI_Bsend,12410201,124103,47213810,4721343336.388,380.441,100,estimated,48,6,657610,45205609,11752591,810918470
49,MPI_Send,0,0,0,0.000,,100,estimated,48,6,0,0,0,0
49,MPI_Recv,12432404,124325,63235150,6323466171.732,508.628,100,estimated,48,6,,,,
49,MPI_Iprobe_hit,12432223,124279,34628474,3464051938.925,278.635,100,estimated,48,6,,,,
49,MPI_Iprobe_miss,26245342,262497,27290278,2728574724.226,103.964,100,estimated,48,6,,,,
49,MPI_Barrier,1,1,133681,133681.000,133681.000,100,estimated,48,6,,,,
49,MPI_Gather,2,1,23334,46668.000,23334.000,100,estimated,48,6,,,,
50,search_total,1,1,64677202367,64677202367.000,64677202367.000,1,reference,48,6,,,,
50,non_mpi_search,1,1,64480832656,45051677340.415,45051677340.415,1,estimated,48,6,,,,
50,MPI_Bsend,12287598,122876,54262862,5426285316.787,441.607,100,estimated,48,6,649410,44640677,11638188,803034325
50,MPI_Send,0,0,0,0.000,,100,estimated,48,6,0,0,0,0
50,MPI_Recv,12444401,124445,72907135,7290655500.029,585.858,100,estimated,48,6,,,,
50,MPI_Iprobe_hit,12444400,124202,46114153,4620400360.648,371.283,100,estimated,48,6,,,,
50,MPI_Iprobe_miss,18063957,180882,22910391,2287968498.121,126.659,100,estimated,48,6,,,,
50,MPI_Barrier,1,1,134989,134989.000,134989.000,100,estimated,48,6,,,,
50,MPI_Gather,2,1,40181,80362.000,40181.000,100,estimated,48,6,,,,
51,search_total,1,1,64686691648,64686691648.000,64686691648.000,1,reference,48,6,,,,
51,non_mpi_search,1,1,64447815827,40810915514.920,40810915514.920,1,estimated,48,6,,,,
51,MPI_Bsend,12148490,121485,101428434,10142835050.950,834.905,100,estimated,48,6,644323,44288709,11504167,793777293
51,MPI_Send,0,0,0,0.000,,100,estimated,48,6,0,0,0,0
51,MPI_Recv,12424615,124247,73983999,7398349285.982,595.459,100,estimated,48,6,,,,
51,MPI_Iprobe_hit,12424434,124008,46963902,4705340790.767,378.717,100,estimated,48,6,,,,
51,MPI_Iprobe_miss,8217504,82412,16337576,1629060041.381,198.243,100,estimated,48,6,,,,
51,MPI_Barrier,1,1,132856,132856.000,132856.000,100,estimated,48,6,,,,
51,MPI_Gather,2,1,29054,58108.000,29054.000,100,estimated,48,6,,,,
52,search_total,1,1,64677205606,64677205606.000,64677205606.000,1,reference,48,6,,,,
52,non_mpi_search,1,1,64489759248,45950619051.785,45950619051.785,1,estimated,48,6,,,,
52,MPI_Bsend,12567724,125678,40573859,4057361364.176,322.840,100,estimated,48,6,664390,45674448,11903334,821329719
52,MPI_Send,0,0,0,0.000,,100,estimated,48,6,0,0,0,0
52,MPI_Recv,12434440,124345,66618252,6661793054.798,535.753,100,estimated,48,6,,,,
52,MPI_Iprobe_hit,12434439,124349,42293337,4229176905.588,340.118,100,estimated,48,6,,,,
52,MPI_Iprobe_miss,36756900,367565,37779850,3778026113.653,102.784,100,estimated,48,6,,,,
52,MPI_Barrier,1,1,133004,133004.000,133004.000,100,estimated,48,6,,,,
52,MPI_Gather,2,1,48056,96112.000,48056.000,100,estimated,48,6,,,,
53,search_total,1,1,64677191402,64677191402.000,64677191402.000,1,reference,48,6,,,,
53,non_mpi_search,1,1,64462764453,43258262848.530,43258262848.530,1,estimated,48,6,,,,
53,MPI_Bsend,12585743,125858,80277432,8027706843.045,637.841,100,estimated,48,6,661729,45658674,11924014,822587835
53,MPI_Send,0,0,0,0.000,,100,estimated,48,6,0,0,0,0
53,MPI_Recv,12432367,124324,66154046,6615387040.369,532.110,100,estimated,48,6,,,,
53,MPI_Iprobe_hit,12432366,124740,33827430,3371452546.091,271.184,100,estimated,48,6,,,,
53,MPI_Iprobe_miss,35155748,351142,34001588,3404181952.964,96.831,100,estimated,48,6,,,,
53,MPI_Barrier,1,1,132735,132735.000,132735.000,100,estimated,48,6,,,,
53,MPI_Gather,2,1,33718,67436.000,33718.000,100,estimated,48,6,,,,
54,search_total,1,1,64677338481,64677338481.000,64677338481.000,1,reference,54,6,,,,
54,non_mpi_search,1,1,64489841234,45951707311.752,45951707311.752,1,estimated,54,6,,,,
54,MPI_Bsend,12383054,123831,46158563,4615839153.293,372.755,100,estimated,54,6,654885,45018741,11728169,809242351
54,MPI_Send,0,0,0,0.000,,100,estimated,54,6,0,0,0,0
54,MPI_Recv,12430982,124310,70565069,7056496682.228,567.654,100,estimated,54,6,,,,
54,MPI_Iprobe_hit,12430981,124609,43782568,4367744472.223,351.360,100,estimated,54,6,,,,
54,MPI_Iprobe_miss,22773047,227432,26818151,2685334575.504,117.917,100,estimated,54,6,,,,
54,MPI_Barrier,1,1,129506,129506.000,129506.000,100,estimated,54,6,,,,
54,MPI_Gather,2,1,43390,86780.000,43390.000,100,estimated,54,6,,,,
55,search_total,1,1,64677336669,64677336669.000,64677336669.000,1,reference,54,6,,,,
55,non_mpi_search,1,1,64489267138,45891911834.800,45891911834.800,1,estimated,54,6,,,,
55,MPI_Bsend,12448175,124482,60849428,6084930579.473,488.821,100,estimated,54,6,659008,45303228,11789167,813451738
55,MPI_Send,0,0,0,0.000,,100,estimated,54,6,0,0,0,0
55,MPI_Recv,12431771,124318,63498134,6349798587.617,510.772,100,estimated,54,6,,,,
55,MPI_Iprobe_hit,12431770,124672,33235296,3314084604.032,266.582,100,estimated,54,6,,,,
55,MPI_Iprobe_miss,30108785,300734,30328555,3036424022.078,100.848,100,estimated,54,6,,,,
55,MPI_Barrier,1,1,129195,129195.000,129195.000,100,estimated,54,6,,,,
55,MPI_Gather,2,1,28923,57846.000,28923.000,100,estimated,54,6,,,,
56,search_total,1,1,64677356639,64677356639.000,64677356639.000,1,reference,54,6,,,,
56,non_mpi_search,1,1,64487058749,45666218455.439,45666218455.439,1,estimated,54,6,,,,
56,MPI_Bsend,12151007,121511,46210355,4621000132.313,380.298,100,estimated,54,6,643295,44219031,11507712,794031014
56,MPI_Send,0,0,0,0.000,,100,estimated,54,6,0,0,0,0
56,MPI_Recv,12442414,124425,81320277,8131971493.098,653.569,100,estimated,54,6,,,,
56,MPI_Iprobe_hit,12442413,124492,46756531,4673104048.046,375.579,100,estimated,54,6,,,,
56,MPI_Iprobe_miss,8425896,84192,15835830,1584842463.104,188.092,100,estimated,54,6,,,,
56,MPI_Barrier,1,1,129747,129747.000,129747.000,100,estimated,54,6,,,,
56,MPI_Gather,2,1,45150,90300.000,45150.000,100,estimated,54,6,,,,
57,search_total,1,1,64677338991,64677338991.000,64677338991.000,1,reference,54,6,,,,
57,non_mpi_search,1,1,64478545520,44812705125.914,44812705125.914,1,estimated,54,6,,,,
57,MPI_Bsend,12507277,125073,46395499,4639541368.211,370.947,100,estimated,54,6,660720,45421356,11846557,817411328
57,MPI_Send,0,0,0,0.000,,100,estimated,54,6,0,0,0,0
57,MPI_Recv,12440030,124401,68641534,6864114775.653,551.776,100,estimated,54,6,,,,
57,MPI_Iprobe_hit,12440029,124365,50153567,5016779865.183,403.277,100,estimated,54,6,,,,
57,MPI_Iprobe_miss,28876021,288796,33444252,3344010731.040,115.806,100,estimated,54,6,,,,
57,MPI_Barrier,1,1,130113,130113.000,130113.000,100,estimated,54,6,,,,
57,MPI_Gather,2,1,28506,57012.000,28506.000,100,estimated,54,6,,,,
58,search_total,1,1,64677348630,64677348630.000,64677348630.000,1,reference,54,6,,,,
58,non_mpi_search,1,1,64491887836,46141919508.991,46141919508.991,1,estimated,54,6,,,,
58,MPI_Bsend,12540944,125410,44116204,4411600700.555,351.776,100,estimated,54,6,661900,45502776,11879044,819652584
58,MPI_Send,0,0,0,0.000,,100,estimated,54,6,0,0,0,0
58,MPI_Recv,12427644,124277,66518720,6651842026.245,535.246,100,estimated,54,6,,,,
58,MPI_Iprobe_hit,12427643,124008,42008004,4209893529.890,338.752,100,estimated,54,6,,,,
58,MPI_Iprobe_miss,31432290,314592,32646708,3261878221.319,103.775,100,estimated,54,6,,,,
58,MPI_Barrier,1,1,127673,127673.000,127673.000,100,estimated,54,6,,,,
58,MPI_Gather,2,1,43485,86970.000,43485.000,100,estimated,54,6,,,,
59,search_total,1,1,64677345266,64677345266.000,64677345266.000,1,reference,54,6,,,,
59,non_mpi_search,1,1,64407444779,37706474234.235,37706474234.235,1,estimated,54,6,,,,
59,MPI_Bsend,12786593,127866,133821588,13382151473.962,1046.577,100,estimated,54,6,671064,46303416,12115529,835801876
59,MPI_Send,0,0,0,0.000,,100,estimated,54,6,0,0,0,0
59,MPI_Recv,12423289,124233,58830896,5883084390.918,473.553,100,estimated,54,6,,,,
59,MPI_Iprobe_hit,12423288,124442,32287473,3223321514.209,259.458,100,estimated,54,6,,,,
59,MPI_Iprobe_miss,48346104,483252,44801873,4482125291.676,92.709,100,estimated,54,6,,,,
59,MPI_Barrier,1,1,128953,128953.000,128953.000,100,estimated,54,6,,,,
59,MPI_Gather,2,1,29704,59408.000,29704.000,100,estimated,54,6,,,,
60,search_total,1,1,64677377753,64677377753.000,64677377753.000,1,reference,60,6,,,,
60,non_mpi_search,1,1,64488255120,45780219065.573,45780219065.573,1,estimated,60,6,,,,
60,MPI_Bsend,12476025,124761,49125729,4912543368.098,393.759,100,estimated,60,6,658522,45269694,11817503,815406602
60,MPI_Send,0,0,0,0.000,,100,estimated,60,6,0,0,0,0
60,MPI_Recv,12429252,124293,67068349,6706808999.259,539.599,100,estimated,60,6,,,,
60,MPI_Iprobe_hit,12429251,124217,43167849,4319409020.916,347.520,100,estimated,60,6,,,,
60,MPI_Iprobe_miss,26933752,269414,29590233,2958183306.154,109.832,100,estimated,60,6,,,,
60,MPI_Barrier,1,1,126953,126953.000,126953.000,100,estimated,60,6,,,,
60,MPI_Gather,2,1,43520,87040.000,43520.000,100,estimated,60,6,,,,
61,search_total,1,1,64676703102,64676703102.000,64676703102.000,1,reference,60,6,,,,
61,non_mpi_search,1,1,64470668302,44085917415.571,44085917415.571,1,estimated,60,6,,,,
61,MPI_Bsend,12779592,127796,69415438,6941539454.610,543.174,100,estimated,60,6,677236,46560960,12102356,835060765
61,MPI_Send,0,0,0,0.000,,100,estimated,60,6,0,0,0,0
61,MPI_Recv,12442333,124424,61559342,6155901051.444,494.755,100,estimated,60,6,,,,
61,MPI_Iprobe_hit,12442332,124155,31535499,3160365255.879,254.001,100,estimated,60,6,,,,
61,MPI_Iprobe_miss,46504121,465310,43352657,4332761399.496,93.169,100,estimated,60,6,,,,
61,MPI_Barrier,1,1,125203,125203.000,125203.000,100,estimated,60,6,,,,
61,MPI_Gather,2,1,46661,93322.000,46661.000,100,estimated,60,6,,,,
62,search_total,1,1,64677384523,64677384523.000,64677384523.000,1,reference,60,6,,,,
62,non_mpi_search,1,1,64484297743,45389163348.495,45389163348.495,1,estimated,60,6,,,,
62,MPI_Bsend,12263467,122635,48161706,4816157640.108,392.724,100,estimated,60,6,648571,44583075,11614896,801426861
62,MPI_Send,0,0,0,0.000,,100,estimated,60,6,0,0,0,0
62,MPI_Recv,12436535,124366,72758150,7275776972.888,585.032,100,estimated,60,6,,,,
62,MPI_Iprobe_hit,12436534,124496,47590621,4754067408.974,382.266,100,estimated,60,6,,,,
62,MPI_Iprobe_miss,19482614,194696,24403672,2441998406.534,125.342,100,estimated,60,6,,,,
62,MPI_Barrier,1,1,124516,124516.000,124516.000,100,estimated,60,6,,,,
62,MPI_Gather,2,1,48115,96230.000,48115.000,100,estimated,60,6,,,,
63,search_total,1,1,64677386605,64677386605.000,64677386605.000,1,reference,60,6,,,,
63,non_mpi_search,1,1,64477324568,44685841718.598,44685841718.598,1,estimated,60,6,,,,
63,MPI_Bsend,12281582,122816,65470865,6547076904.544,533.081,100,estimated,60,6,650397,44709069,11631185,802550491
63,MPI_Send,0,0,0,0.000,,100,estimated,60,6,0,0,0,0
63,MPI_Recv,12431381,124314,69265804,6926569813.499,557.184,100,estimated,60,6,,,,
63,MPI_Iprobe_hit,12431380,124289,44104146,4411294631.878,354.852,100,estimated,60,6,,,,
63,MPI_Iprobe_miss,16103193,161057,21067471,2106419165.481,130.808,100,estimated,60,6,,,,
63,MPI_Barrier,1,1,123131,123131.000,123131.000,100,estimated,60,6,,,,
63,MPI_Gather,2,1,30620,61240.000,30620.000,100,estimated,60,6,,,,
64,search_total,1,1,64677403590,64677403590.000,64677403590.000,1,reference,60,6,,,,
64,non_mpi_search,1,1,64446123537,41569170076.294,41569170076.294,1,estimated,60,6,,,,
64,MPI_Bsend,12484175,124842,83603387,8360321958.161,669.674,100,estimated,60,6,658723,45283563,11825452,815954905
64,MPI_Send,0,0,0,0.000,,100,estimated,60,6,0,0,0,0
64,MPI_Recv,12446696,124467,67188837,6718881540.750,539.812,100,estimated,60,6,,,,
64,MPI_Iprobe_hit,12446695,124530,43801618,4377944107.866,351.735,100,estimated,60,6,,,,
64,MPI_Iprobe_miss,34361770,343555,36501756,3650841769.929,106.247,100,estimated,60,6,,,,
64,MPI_Barrier,1,1,124773,124773.000,124773.000,100,estimated,60,6,,,,
64,MPI_Gather,2,1,59682,119364.000,59682.000,100,estimated,60,6,,,,
65,search_total,1,1,64676704715,64676704715.000,64676704715.000,1,reference,60,6,,,,
65,non_mpi_search,1,1,64504067710,47425961899.770,47425961899.770,1,estimated,60,6,,,,
65,MPI_Bsend,12269656,122697,49697907,4969772877.984,405.046,100,estimated,60,6,645643,44549367,11624013,801887450
65,MPI_Send,0,0,0,0.000,,100,estimated,60,6,0,0,0,0
65,MPI_Recv,12431939,124320,65728808,6572848548.896,528.707,100,estimated,60,6,,,,
65,MPI_Iprobe_hit,12431938,124158,34301564,3434614901.585,276.273,100,estimated,60,6,,,,
65,MPI_Iprobe_miss,20291396,203076,22751295,2273314110.766,112.033,100,estimated,60,6,,,,
65,MPI_Barrier,1,1,122486,122486.000,122486.000,100,estimated,60,6,,,,
65,MPI_Gather,2,1,34945,69890.000,34945.000,100,estimated,60,6,,,,
66,search_total,1,1,64677518939,64677518939.000,64677518939.000,1,reference,66,6,,,,
66,non_mpi_search,1,1,64486062363,45552365922.638,45552365922.638,1,estimated,66,6,,,,
66,MPI_Bsend,12471735,124718,48338561,4833830907.113,387.583,100,estimated,66,6,657844,45222912,11813891,815157525
66,MPI_Send,0,0,0,0.000,,100,estimated,66,6,0,0,0,0
66,MPI_Recv,12434698,124347,67457427,6745741615.013,542.493,100,estimated,66,6,,,,
66,MPI_Iprobe_hit,12434697,124514,44233714,4417437643.756,355.251,100,estimated,66,6,,,,
66,MPI_Iprobe_miss,28423533,284069,31261022,3127932616.480,110.047,100,estimated,66,6,,,,
66,MPI_Barrier,1,1,121470,121470.000,121470.000,100,estimated,66,6,,,,
66,MPI_Gather,2,1,44382,88764.000,44382.000,100,estimated,66,6,,,,
67,search_total,1,1,64677507671,64677507671.000,64677507671.000,1,reference,66,6,,,,
67,non_mpi_search,1,1,64512561274,48203825326.167,48203825326.167,1,estimated,66,6,,,,
67,MPI_Bsend,12180029,121801,44939784,4493952203.789,368.961,100,estimated,66,6,644080,44273196,11535949,795978531
67,MPI_Send,0,0,0,0.000,,100,estimated,66,6,0,0,0,0
67,MPI_Recv,12438975,124390,65777421,6577728880.002,528.800,100,estimated,66,6,,,,
67,MPI_Iprobe_hit,12438974,124892,36166934,3602148669.937,289.586,100,estimated,66,6,,,,
67,MPI_Iprobe_miss,12260979,122108,17923303,1799695693.105,146.782,100,estimated,66,6,,,,
67,MPI_Barrier,1,1,121012,121012.000,121012.000,100,estimated,66,6,,,,
67,MPI_Gather,2,1,17943,35886.000,17943.000,100,estimated,66,6,,,,
68,search_total,1,1,64677507497,64677507497.000,64677507497.000,1,reference,66,6,,,,
68,non_mpi_search,1,1,64490023680,45950680244.047,45950680244.047,1,estimated,66,6,,,,
68,MPI_Bsend,12255366,122554,45842443,4584231581.989,374.059,100,estimated,66,6,646899,44467707,11608467,800982442
68,MPI_Send,0,0,0,0.000,,100,estimated,66,6,0,0,0,0
68,MPI_Recv,12436526,124366,70588355,7058793498.663,567.586,100,estimated,66,6,,,,
68,MPI_Iprobe_hit,12436525,124600,46098102,4601125184.394,369.969,100,estimated,66,6,,,,
68,MPI_Iprobe_miss,19418190,193948,24794887,2482478946.906,127.843,100,estimated,66,6,,,,
68,MPI_Barrier,1,1,122019,122019.000,122019.000,100,estimated,66,6,,,,
68,MPI_Gather,2,1,38011,76022.000,38011.000,100,estimated,66,6,,,,
69,search_total,1,1,64677511585,64677511585.000,64677511585.000,1,reference,66,6,,,,
69,non_mpi_search,1,1,64488947751,45844627452.946,45844627452.946,1,estimated,66,6,,,,
69,MPI_Bsend,12292092,122921,44719127,4471909789.570,363.804,100,estimated,66,6,651107,44758059,11640985,803226851
69,MPI_Send,0,0,0,0.000,,100,estimated,66,6,0,0,0,0
69,MPI_Recv,12421191,124212,72298976,7229892361.450,582.061,100,estimated,66,6,,,,
69,MPI_Iprobe_hit,12421190,124589,45972747,4583359889.789,368.995,100,estimated,66,6,,,,
69,MPI_Iprobe_miss,21088585,210509,25430036,2547556046.245,120.803,100,estimated,66,6,,,,
69,MPI_Barrier,1,1,119851,119851.000,119851.000,100,estimated,66,6,,,,
69,MPI_Gather,2,1,23097,46194.000,23097.000,100,estimated,66,6,,,,
70,search_total,1,1,64677512992,64677512992.000,64677512992.000,1,reference,66,6,,,,
70,non_mpi_search,1,1,64507077863,47651898125.199,47651898125.199,1,estimated,66,6,,,,
70,MPI_Bsend,12093347,120934,39908274,3990809909.976,330.000,100,estimated,66,6,639129,43931577,11454218,790340408
70,MPI_Send,0,0,0,0.000,,100,estimated,66,6,0,0,0,0
70,MPI_Recv,12428537,124286,71346639,7134627734.718,574.052,100,estimated,66,6,,,,
70,MPI_Iprobe_hit,12428536,124463,45654309,4558914882.026,366.810,100,estimated,66,6,,,,
70,MPI_Iprobe_miss,5333826,53161,13366060,1341062778.081,251.426,100,estimated,66,6,,,,
70,MPI_Barrier,1,1,120132,120132.000,120132.000,100,estimated,66,6,,,,
70,MPI_Gather,2,1,39715,79430.000,39715.000,100,estimated,66,6,,,,
71,search_total,1,1,64677515124,64677515124.000,64677515124.000,1,reference,66,6,,,,
71,non_mpi_search,1,1,64508160830,47761289311.435,47761289311.435,1,estimated,66,6,,,,
71,MPI_Bsend,12345980,123460,40783116,4078304993.307,330.335,100,estimated,66,6,650954,44915826,11695026,806787018
71,MPI_Send,0,0,0,0.000,,100,estimated,66,6,0,0,0,0
71,MPI_Recv,12433100,124331,65076573,6507657300.000,523.414,100,estimated,66,6,,,,
71,MPI_Iprobe_hit,12433099,124561,36115151,3604846202.125,289.939,100,estimated,66,6,,,,
71,MPI_Iprobe_miss,25319795,252968,27227576,2725232609.132,107.632,100,estimated,66,6,,,,
71,MPI_Barrier,1,1,119048,119048.000,119048.000,100,estimated,66,6,,,,
71,MPI_Gather,2,1,32830,65660.000,32830.000,100,estimated,66,6,,,,
72,search_total,1,1,64677345324,64677345324.000,64677345324.000,1,reference,72,6,,,,
72,non_mpi_search,1,1,64486324830,45592879847.287,45592879847.287,1,estimated,72,6,,,,
72,MPI_Bsend,12485729,124858,47832530,4783225800.224,383.095,100,estimated,72,6,659768,45355370,11825961,815990475
72,MPI_Send,0,0,0,0.000,,100,estimated,72,6,0,0,0,0
72,MPI_Recv,12428927,124290,68449367,6844896497.218,550.723,100,estimated,72,6,,,,
72,MPI_Iprobe_hit,12428926,124278,42424727,4242857082.132,341.370,100,estimated,72,6,,,,
72,MPI_Iprobe_miss,30702083,307033,32133731,3213245730.139,104.659,100,estimated,72,6,,,,
72,MPI_Barrier,1,1,119911,119911.000,119911.000,100,estimated,72,6,,,,
72,MPI_Gather,2,1,60228,120456.000,60228.000,100,estimated,72,6,,,,
73,search_total,1,1,64676656877,64676656877.000,64676656877.000,1,reference,72,6,,,,
73,non_mpi_search,1,1,64470182248,44042945041.054,44042945041.054,1,estimated,72,6,,,,
73,MPI_Bsend,12419611,124197,84220693,8422008947.160,678.122,100,estimated,72,6,656200,45109000,11763411,811674881
73,MPI_Send,0,0,0,0.000,,100,estimated,72,6,0,0,0,0
73,MPI_Recv,12416567,124166,65126622,6512644891.087,524.513,100,estimated,72,6,,,,
73,MPI_Iprobe_hit,12416566,124080,34274673,3429833489.949,276.230,100,estimated,72,6,,,,
73,MPI_Iprobe_miss,20919639,209283,22699757,2269036289.750,108.464,100,estimated,72,6,,,,
73,MPI_Barrier,1,1,117550,117550.000,117550.000,100,estimated,72,6,,,,
73,MPI_Gather,2,1,35334,70668.000,35334.000,100,estimated,72,6,,,,
74,search_total,1,1,64687556299,64687556299.000,64687556299.000,1,reference,72,6,,,,
74,non_mpi_search,1,1,64490397625,44991244587.620,44991244587.620,1,estimated,72,6,,,,
74,MPI_Bsend,12376884,123769,51006687,5100662106.208,412.112,100,estimated,72,6,653884,44948544,11723000,808868256
74,MPI_Send,0,0,0,0.000,,100,estimated,72,6,0,0,0,0
74,MPI_Recv,12425971,124260,70127411,7012724733.551,564.360,100,estimated,72,6,,,,
74,MPI_Iprobe_hit,12425672,124401,47292244,4723739456.178,380.160,100,estimated,72,6,,,,
74,MPI_Iprobe_miss,24970316,249559,28573336,2858984164.443,114.495,100,estimated,72,6,,,,
74,MPI_Barrier,1,1,116741,116741.000,116741.000,100,estimated,72,6,,,,
74,MPI_Gather,2,1,42255,84510.000,42255.000,100,estimated,72,6,,,,
75,search_total,1,1,64677350302,64677350302.000,64677350302.000,1,reference,72,6,,,,
75,non_mpi_search,1,1,64486253803,45586022001.523,45586022001.523,1,estimated,72,6,,,,
75,MPI_Bsend,12369857,123699,46216425,4621626434.338,373.620,100,estimated,72,6,653766,44941241,11716091,808409783
75,MPI_Send,0,0,0,0.000,,100,estimated,72,6,0,0,0,0
75,MPI_Recv,12427052,124271,72337576,7233729659.421,582.095,100,estimated,72,6,,,,
75,MPI_Iprobe_hit,12427051,124404,45393544,4534483508.237,364.888,100,estimated,72,6,,,,
75,MPI_Iprobe_miss,22759166,227459,26997262,2701300750.480,118.691,100,estimated,72,6,,,,
75,MPI_Barrier,1,1,115436,115436.000,115436.000,100,estimated,72,6,,,,
75,MPI_Gather,2,1,36256,72512.000,36256.000,100,estimated,72,6,,,,
76,search_total,1,1,64677336665,64677336665.000,64677336665.000,1,reference,72,6,,,,
76,non_mpi_search,1,1,64488921574,45854120087.344,45854120087.344,1,estimated,72,6,,,,
76,MPI_Bsend,12570881,125709,43052746,4305268092.891,342.479,100,estimated,72,6,664785,45701534,11906096,821519968
76,MPI_Send,0,0,0,0.000,,100,estimated,72,6,0,0,0,0
76,MPI_Recv,12426389,124264,65988852,6598879358.587,531.038,100,estimated,72,6,,,,
76,MPI_Iprobe_hit,12426388,124442,42380809,4232014724.835,340.567,100,estimated,72,6,,,,
76,MPI_Iprobe_miss,35032074,350143,36850164,3686886992.344,105.243,100,estimated,72,6,,,,
76,MPI_Barrier,1,1,117631,117631.000,117631.000,100,estimated,72,6,,,,
76,MPI_Gather,2,1,24889,49778.000,24889.000,100,estimated,72,6,,,,
77,search_total,1,1,64676644291,64676644291.000,64676644291.000,1,reference,72,6,,,,
77,non_mpi_search,1,1,64490078308,46037267946.382,46037267946.382,1,estimated,72,6,,,,
77,MPI_Bsend,12681630,126817,42254933,4225469976.271,333.196,100,estimated,72,6,665838,45942684,12015792,828920997
77,MPI_Send,0,0,0,0.000,,100,estimated,72,6,0,0,0,0
77,MPI_Recv,12415862,124159,60471146,6047096092.251,487.046,100,estimated,72,6,,,,
77,MPI_Iprobe_hit,12415861,124321,33013671,3297054803.579,265.552,100,estimated,72,6,,,,
77,MPI_Iprobe_miss,44645114,446289,50677322,5069573343.517,113.553,100,estimated,72,6,,,,
77,MPI_Barrier,1,1,115693,115693.000,115693.000,100,estimated,72,6,,,,
77,MPI_Gather,2,1,33218,66436.000,33218.000,100,estimated,72,6,,,,
78,search_total,1,1,64677413942,64677413942.000,64677413942.000,1,reference,78,6,,,,
78,non_mpi_search,1,1,64487587115,45718129828.040,45718129828.040,1,estimated,78,6,,,,
78,MPI_Bsend,12538010,125381,44351975,4435165663.615,353.738,100,estimated,78,6,661596,45481402,11876414,819471183
78,MPI_Send,0,0,0,0.000,,100,estimated,78,6,0,0,0,0
78,MPI_Recv,12444104,124442,68393550,6839302238.225,549.602,100,estimated,78,6,,,,
78,MPI_Iprobe_hit,12444103,124740,43914034,4380878324.848,352.045,100,estimated,78,6,,,,
78,MPI_Iprobe_miss,31411356,313815,33005897,3303729843.272,105.176,100,estimated,78,6,,,,
78,MPI_Barrier,1,1,114698,114698.000,114698.000,100,estimated,78,6,,,,
78,MPI_Gather,2,1,46673,93346.000,46673.000,100,estimated,78,6,,,,
79,search_total,1,1,64677410500,64677410500.000,64677410500.000,1,reference,78,6,,,,
79,non_mpi_search,1,1,64494883036,46433762085.836,46433762085.836,1,estimated,78,6,,,,
79,MPI_Bsend,12693637,126937,48549863,4854962204.257,382.472,100,estimated,78,6,673445,46299312,12020192,829391394
79,MPI_Send,0,0,0,0.000,,100,estimated,78,6,0,0,0,0
79,MPI_Recv,12439593,124396,60159471,6015943714.712,483.613,100,estimated,78,6,,,,
79,MPI_Iprobe_hit,12439592,124062,31864651,3195041653.870,256.845,100,estimated,78,6,,,,
79,MPI_Iprobe_miss,44256376,442898,41806763,4177521286.325,94.394,100,estimated,78,6,,,,
79,MPI_Barrier,1,1,113877,113877.000,113877.000,100,estimated,78,6,,,,
79,MPI_Gather,2,1,32839,65678.000,32839.000,100,estimated,78,6,,,,
80,search_total,1,1,64677412884,64677412884.000,64677412884.000,1,reference,78,6,,,,
80,non_mpi_search,1,1,64491815184,46136316997.772,46136316997.772,1,estimated,78,6,,,,
80,MPI_Bsend,12124662,121247,48924202,4892404866.675,403.509,100,estimated,78,6,642166,44141061,11482496,792290672
80,MPI_Send,0,0,0,0.000,,100,estimated,78,6,0,0,0,0
80,MPI_Recv,12422446,124225,73954894,7395457252.169,595.330,100,estimated,78,6,,,,
80,MPI_Iprobe_hit,12422445,124368,47636699,4758171501.584,383.030,100,estimated,78,6,,,,
80,MPI_Iprobe_miss,6327354,63130,14914499,1494841040.799,236.251,100,estimated,78,6,,,,
80,MPI_Barrier,1,1,113587,113587.000,113587.000,100,estimated,78,6,,,,
80,MPI_Gather,2,1,53819,107638.000,53819.000,100,estimated,78,6,,,,
81,search_total,1,1,64685634806,64685634806.000,64685634806.000,1,reference,78,6,,,,
81,non_mpi_search,1,1,64498657087,46000942745.004,46000942745.004,1,estimated,78,6,,,,
81,MPI_Bsend,12251293,122513,49216580,4921655187.922,401.725,100,estimated,78,6,646925,44468529,11604368,800690953
81,MPI_Send,0,0,0,0.000,,100,estimated,78,6,0,0,0,0
81,MPI_Recv,12418838,124189,71501574,7150121703.621,575.748,100,estimated,78,6,,,,
81,MPI_Iprobe_hit,12418647,124173,47290306,4729543594.308,380.842,100,estimated,78,6,,,,
81,MPI_Iprobe_miss,13029492,130309,18834172,1883213695.145,144.535,100,estimated,78,6,,,,
81,MPI_Barrier,1,1,112294,112294.000,112294.000,100,estimated,78,6,,,,
81,MPI_Gather,2,1,22793,45586.000,22793.000,100,estimated,78,6,,,,
82,search_total,1,1,64677415137,64677415137.000,64677415137.000,1,reference,78,6,,,,
82,non_mpi_search,1,1,64486840332,45641624016.106,45641624016.106,1,estimated,78,6,,,,
82,MPI_Bsend,12502286,125023,44808557,4480850682.365,358.403,100,estimated,78,6,662013,45510166,11840273,816978130
82,MPI_Send,0,0,0,0.000,,100,estimated,78,6,0,0,0,0
82,MPI_Recv,12438703,124388,68022414,6802188354.898,546.857,100,estimated,78,6,,,,
82,MPI_Iprobe_hit,12438702,124705,44194816,4408212550.971,354.395,100,estimated,78,6,,,,
82,MPI_Iprobe_miss,30841504,308098,33409359,3344373800.661,108.437,100,estimated,78,6,,,,
82,MPI_Barrier,1,1,113586,113586.000,113586.000,100,estimated,78,6,,,,
82,MPI_Gather,2,1,26073,52146.000,26073.000,100,estimated,78,6,,,,
83,search_total,1,1,64677404485,64677404485.000,64677404485.000,1,reference,78,6,,,,
83,non_mpi_search,1,1,64496921431,46638513858.242,46638513858.242,1,estimated,78,6,,,,
83,MPI_Bsend,12304196,123042,60256611,6025659141.104,489.724,100,estimated,78,6,647859,44702202,11656337,804117555
83,MPI_Send,0,0,0,0.000,,100,estimated,78,6,0,0,0,0
83,MPI_Recv,12430557,124306,65047609,6504738398.695,523.286,100,estimated,78,6,,,,
83,MPI_Iprobe_hit,12430556,123978,35904864,3599972758.267,289.607,100,estimated,78,6,,,,
83,MPI_Iprobe_miss,14536549,145694,19126500,1908337367.692,131.279,100,estimated,78,6,,,,
83,MPI_Barrier,1,1,111979,111979.000,111979.000,100,estimated,78,6,,,,
83,MPI_Gather,2,1,35491,70982.000,35491.000,100,estimated,78,6,,,,
84,search_total,1,1,64677322154,64677322154.000,64677322154.000,1,reference,84,6,,,,
84,non_mpi_search,1,1,64494277681,46388594178.249,46388594178.249,1,estimated,84,6,,,,
84,MPI_Bsend,12561326,125614,39761329,3976109476.350,316.536,100,estimated,84,6,663343,45602343,11897983,820959571
84,MPI_Send,0,0,0,0.000,,100,estimated,84,6,0,0,0,0
84,MPI_Recv,12431710,124318,66486851,6648636966.853,534.813,100,estimated,84,6,,,,
84,MPI_Iprobe_hit,12431709,124332,42756641,4275151358.697,343.891,100,estimated,84,6,,,,
84,MPI_Iprobe_miss,31805641,318042,33884793,3388632826.851,106.542,100,estimated,84,6,,,,
84,MPI_Barrier,1,1,112371,112371.000,112371.000,100,estimated,84,6,,,,
84,MPI_Gather,2,1,42488,84976.000,42488.000,100,estimated,84,6,,,,
85,search_total,1,1,64676658742,64676658742.000,64676658742.000,1,reference,84,6,,,,
85,non_mpi_search,1,1,64504983063,47519363158.209,47519363158.209,1,estimated,84,6,,,,
85,MPI_Bsend,12335407,123355,47925779,4792541767.720,388.519,100,estimated,84,6,651949,44816157,11683458,806157355
85,MPI_Send,0,0,0,0.000,,100,estimated,84,6,0,0,0,0
85,MPI_Recv,12420226,124203,67678100,6767769677.468,544.899,100,estimated,84,6,,,,
85,MPI_Iprobe_hit,12420225,123996,33255869,3331118548.586,268.201,100,estimated,84,6,,,,
85,MPI_Iprobe_miss,20648759,206694,22679692,2265704347.016,109.726,100,estimated,84,6,,,,
85,MPI_Barrier,1,1,111235,111235.000,111235.000,100,estimated,84,6,,,,
85,MPI_Gather,2,1,25004,50008.000,25004.000,100,estimated,84,6,,,,
86,search_total,1,1,64677303960,64677303960.000,64677303960.000,1,reference,84,6,,,,
86,non_mpi_search,1,1,64492825393,46245445873.143,46245445873.143,1,estimated,84,6,,,,
86,MPI_Bsend,12326062,123261,44153668,4415353187.914,358.213,100,estimated,84,6,650032,44683884,11676030,805644787
86,MPI_Send,0,0,0,0.000,,100,estimated,84,6,0,0,0,0
86,MPI_Recv,12435869,124359,70965261,7096508409.900,570.648,100,estimated,84,6,,,,
86,MPI_Iprobe_hit,12435868,124475,46275637,4623239311.893,371.767,100,estimated,84,6,,,,
86,MPI_Iprobe_miss,17926447,179149,22951228,2296602115.149,128.113,100,estimated,84,6,,,,
86,MPI_Barrier,1,1,110484,110484.000,110484.000,100,estimated,84,6,,,,
86,MPI_Gather,2,1,22289,44578.000,22289.000,100,estimated,84,6,,,,
87,search_total,1,1,64677310026,64677310026.000,64677310026.000,1,reference,84,6,,,,
87,non_mpi_search,1,1,64492433849,46217050310.884,46217050310.884,1,estimated,84,6,,,,
87,MPI_Bsend,12389779,123898,43783403,4378332878.964,353.383,100,estimated,84,6,653815,44944911,11735964,809779744
87,MPI_Send,0,0,0,0.000,,100,estimated,84,6,0,0,0,0
87,MPI_Recv,12428572,124286,70507775,7050761615.526,567.303,100,estimated,84,6,,,,
87,MPI_Iprobe_hit,12428571,124894,45879712,4565625715.019,367.349,100,estimated,84,6,,,,
87,MPI_Iprobe_miss,20793126,207323,24581892,2465401222.606,118.568,100,estimated,84,6,,,,
87,MPI_Barrier,1,1,108507,108507.000,108507.000,100,estimated,84,6,,,,
87,MPI_Gather,2,1,14888,29776.000,14888.000,100,estimated,84,6,,,,
88,search_total,1,1,64677315899,64677315899.000,64677315899.000,1,reference,84,6,,,,
88,non_mpi_search,1,1,64492454073,46205908832.102,46205908832.102,1,estimated,84,6,,,,
88,MPI_Bsend,12429208,124293,42112698,4211238628.750,338.818,100,estimated,84,6,657385,45191241,11771823,812254380
88,MPI_Send,0,0,0,0.000,,100,estimated,84,6,0,0,0,0
88,MPI_Recv,12416551,124166,66330596,6633033423.758,534.209,100,estimated,84,6,,,,
88,MPI_Iprobe_hit,12416550,124091,44937829,4496480813.838,362.136,100,estimated,84,6,,,,
88,MPI_Iprobe_miss,28567175,285747,31312534,3130428800.552,109.581,100,estimated,84,6,,,,
88,MPI_Barrier,1,1,110938,110938.000,110938.000,100,estimated,84,6,,,,
88,MPI_Gather,2,1,57231,114462.000,57231.000,100,estimated,84,6,,,,
89,search_total,1,1,64676666769,64676666769.000,64676666769.000,1,reference,84,6,,,,
89,non_mpi_search,1,1,64503791876,47405463514.751,47405463514.751,1,estimated,84,6,,,,
89,MPI_Bsend,12678200,126782,41425885,4142588500.000,326.749,100,estimated,84,6,666146,45964074,12012054,828662608
89,MPI_Send,0,0,0,0.000,,100,estimated,84,6,0,0,0,0
89,MPI_Recv,12418198,124182,59344231,5934422144.238,477.881,100,estimated,84,6,,,,
89,MPI_Iprobe_hit,12418197,124441,32325480,3225819293.959,259.766,100,estimated,84,6,,,,
89,MPI_Iprobe_miss,41876724,418509,39657926,3968239683.052,94.760,100,estimated,84,6,,,,
89,MPI_Barrier,1,1,109109,109109.000,109109.000,100,estimated,84,6,,,,
89,MPI_Gather,2,1,12262,24524.000,12262.000,100,estimated,84,6,,,,
90,search_total,1,1,64677356202,64677356202.000,64677356202.000,1,reference,90,6,,,,
90,non_mpi_search,1,1,64489415911,45896567559.613,45896567559.613,1,estimated,90,6,,,,
90,MPI_Bsend,12502554,125026,42662773,4266261603.364,341.231,100,estimated,90,6,660654,45416395,11841900,817089690
90,MPI_Send,0,0,0,0.000,,100,estimated,90,6,0,0,0,0
90,MPI_Recv,12431830,124319,70304090,7030369414.045,565.514,100,estimated,90,6,,,,
90,MPI_Iprobe_hit,12431829,124193,42329536,4237223943.389,340.837,100,estimated,90,6,,,,
90,MPI_Iprobe_miss,31147775,311604,32480303,3246714322.588,104.236,100,estimated,90,6,,,,
90,MPI_Barrier,1,1,107819,107819.000,107819.000,100,estimated,90,6,,,,
90,MPI_Gather,2,1,55770,111540.000,55770.000,100,estimated,90,6,,,,
91,search_total,1,1,64687718356,64687718356.000,64687718356.000,1,reference,90,6,,,,
91,non_mpi_search,1,1,64521202066,48047256219.257,48047256219.257,1,estimated,90,6,,,,
91,MPI_Bsend,12603673,126037,47134621,4713452002.689,373.974,100,estimated,90,6,666735,45835960,11936938,823638585
91,MPI_Send,0,0,0,0.000,,100,estimated,90,6,0,0,0,0
91,MPI_Recv,12434474,124345,57369853,5736973304.213,461.376,100,estimated,90,6,,,,
91,MPI_Iprobe_hit,12434295,124210,31574724,3160852047.014,254.204,100,estimated,90,6,,,,
91,MPI_Iprobe_miss,30625158,306385,30303437,3029024090.827,98.906,100,estimated,90,6,,,,
91,MPI_Barrier,1,1,106618,106618.000,106618.000,100,estimated,90,6,,,,
91,MPI_Gather,2,1,27037,54074.000,27037.000,100,estimated,90,6,,,,
92,search_total,1,1,64677383433,64677383433.000,64677383433.000,1,reference,90,6,,,,
92,non_mpi_search,1,1,64488481575,45808402541.681,45808402541.681,1,estimated,90,6,,,,
92,MPI_Bsend,12378860,123789,47941734,4794157908.564,387.286,100,estimated,90,6,655206,45040821,11723654,808931561
92,MPI_Send,0,0,0,0.000,,100,estimated,90,6,0,0,0,0
92,MPI_Recv,12442711,124428,69600827,6960032916.401,559.366,100,estimated,90,6,,,,
92,MPI_Iprobe_hit,12442710,124647,45453655,4537346647.774,364.659,100,estimated,90,6,,,,
92,MPI_Iprobe_miss,21888863,218669,25746466,2577232561.580,117.742,100,estimated,90,6,,,,
92,MPI_Barrier,1,1,107495,107495.000,107495.000,100,estimated,90,6,,,,
92,MPI_Gather,2,1,51681,103362.000,51681.000,100,estimated,90,6,,,,
93,search_total,1,1,64677375603,64677375603.000,64677375603.000,1,reference,90,6,,,,
93,non_mpi_search,1,1,64438468817,40794616948.097,40794616948.097,1,estimated,90,6,,,,
93,MPI_Bsend,12391083,123911,95579616,9557948486.931,771.357,100,estimated,90,6,655815,45082842,11735268,809732100
93,MPI_Send,0,0,0,0.000,,100,estimated,90,6,0,0,0,0
93,MPI_Recv,12433135,124332,71202707,7120233475.666,572.682,100,estimated,90,6,,,,
93,MPI_Iprobe_hit,12433134,124166,47094072,4715678267.655,379.283,100,estimated,90,6,,,,
93,MPI_Iprobe_miss,20872847,208894,24907317,2488758015.651,119.234,100,estimated,90,6,,,,
93,MPI_Barrier,1,1,105739,105739.000,105739.000,100,estimated,90,6,,,,
93,MPI_Gather,2,1,17335,34670.000,17335.000,100,estimated,90,6,,,,
94,search_total,1,1,64677390216,64677390216.000,64677390216.000,1,reference,90,6,,,,
94,non_mpi_search,1,1,64489410009,45894757550.835,45894757550.835,1,estimated,90,6,,,,
94,MPI_Bsend,12540671,125407,44332897,4433279448.148,353.512,100,estimated,90,6,664589,45688248,11876082,819448293
94,MPI_Send,0,0,0,0.000,,100,estimated,90,6,0,0,0,0
94,MPI_Recv,12453628,124537,66993115,6699272768.504,537.937,100,estimated,90,6,,,,
94,MPI_Iprobe_hit,12453627,124568,42914580,4290364878.473,344.507,100,estimated,90,6,,,,
94,MPI_Iprobe_miss,31455337,314522,33591896,3359524641.039,106.803,100,estimated,90,6,,,,
94,MPI_Barrier,1,1,104509,104509.000,104509.000,100,estimated,90,6,,,,
94,MPI_Gather,2,1,43210,86420.000,43210.000,100,estimated,90,6,,,,
95,search_total,1,1,64676729678,64676729678.000,64676729678.000,1,reference,90,6,,,,
95,non_mpi_search,1,1,64500155237,47026563145.260,47026563145.260,1,estimated,90,6,,,,
95,MPI_Bsend,12375904,123760,50154113,5015372395.711,405.253,100,estimated,90,6,649340,44804391,11726564,808963867
95,MPI_Send,0,0,0,0.000,,100,estimated,90,6,0,0,0,0
95,MPI_Recv,12430685,124307,62992240,6299216398.790,506.747,100,estimated,90,6,,,,
95,MPI_Iprobe_hit,12430684,123971,34895311,3498984311.837,281.480,100,estimated,90,6,,,,
95,MPI_Iprobe_miss,27924240,279579,28398462,2836427158.402,101.576,100,estimated,90,6,,,,
95,MPI_Barrier,1,1,102362,102362.000,102362.000,100,estimated,90,6,,,,
95,MPI_Gather,2,1,31953,63906.000,31953.000,100,estimated,90,6,,,,
all,search_total,96,96,6209076239572,6209076239572.000,64677877495.542,1,reference,,,,,,
all,non_mpi_search,96,96,6190418991180,4344991259724.604,45260325622.131,1,estimated,,,,,,
all,MPI_Bsend,1193392227,11933972,5433423227,543340069765.899,455.290,100,estimated,,,63036489,4336041555,1130355738,77991670026
all,MPI_Send,95,1,2447,232465.000,2447.000,100,estimated,,,5,5,90,90
all,MPI_Recv,1193392322,11933970,6459259152,645923345837.650,541.250,100,estimated,,,,,,
all,MPI_Iprobe_hit,1193391096,11937508,3941052207,393981694250.320,330.136,100,estimated,,,,,,
all,MPI_Iprobe_miss,2560529124,25601743,2807777096,280821035316.527,109.673,100,estimated,,,,,,
all,MPI_Barrier,96,96,12866314,12866314.000,134024.104,100,estimated,,,,,,
all,MPI_Gather,192,96,2867949,5735898.000,29874.469,100,estimated,,,,,,
