depth,f_value,g_value,expanded
0,137,0,1
1,137,1,1
2,137,1,21
3,137,1,170
4,137,1,567
5,137,1,789
6,137,1,922
7,137,1,934
8,137,1,910
8,137,2,6
9,137,1,846
9,137,2,110
10,137,1,349
10,137,2,610
11,137,1,133
11,137,2,801
12,137,1,29
12,137,2,839
13,137,1,1
13,137,2,854
14,137,2,864
15,137,2,860
16,137,2,893
17,137,2,890
17,137,3,1
18,137,2,876
18,137,3,31
19,137,2,649
19,137,3,307
20,137,2,261
20,137,3,737
21,137,2,121
21,137,3,792
22,137,2,39
22,137,3,814
23,137,2,3
23,137,3,863
24,137,3,898
25,137,3,917
26,137,3,914
27,137,3,906
27,137,4,4
28,137,3,888
28,137,4,80
29,137,3,515
29,137,4,508
30,137,3,181
30,137,4,786
31,137,3,34
31,137,4,865
32,137,3,2
32,137,4,910
33,137,4,923
34,137,4,915
35,137,4,915
36,137,4,942
36,137,5,12
37,137,4,803
37,137,5,179
38,137,4,346
38,137,5,658
39,137,4,81
39,137,5,861
40,137,4,15
40,137,5,919
41,137,5,923
42,137,5,922
43,137,5,936
44,137,5,965
44,137,6,16
45,137,5,815
45,137,6,185
46,137,5,326
46,137,6,671
47,137,5,67
47,137,6,859
48,137,5,5
48,137,6,898
49,137,6,916
50,137,6,919
51,137,6,917
52,137,6,939
52,137,7,3
53,137,6,899
53,137,7,79
54,137,6,509
54,137,7,511
55,137,6,123
55,137,7,866
56,137,6,10
56,137,7,935
57,137,7,953
58,137,7,931
59,137,7,926
60,137,7,915
60,137,8,18
61,137,7,732
61,137,8,221
62,137,7,263
62,137,8,735
63,137,7,158
63,137,8,854
64,137,7,85
64,137,8,870
65,137,7,16
65,137,8,895
66,137,7,1
66,137,8,906
67,137,8,896
68,137,8,900
69,137,8,906
70,137,8,905
70,137,9,1
71,137,8,938
71,137,9,10
72,137,8,877
72,137,9,114
73,137,8,474
73,137,9,545
74,137,8,142
74,137,9,803
75,137,8,24
75,137,9,898
76,137,8,2
76,137,9,929
77,137,9,941
78,137,9,926
79,137,9,922
79,137,10,1
80,137,9,916
80,137,10,13
81,137,9,883
81,137,10,87
82,137,9,706
82,137,10,342
83,137,9,285
83,137,10,750
84,137,9,53
84,137,10,868
85,137,9,3
85,137,10,896
86,137,10,924
87,137,10,933
88,137,10,915
89,137,10,940
89,137,11,2
90,137,10,947
90,137,11,39
91,137,10,700
91,137,11,306
92,137,10,249
92,137,11,734
93,137,10,33
93,137,11,888
94,137,10,1
94,137,11,932
95,137,11,921
96,137,11,933
97,137,11,929
98,137,11,932
99,137,11,986
99,137,12,8
100,137,11,816
100,137,12,230
101,137,11,208
101,137,12,795
102,137,11,17
102,137,12,899
103,137,12,918
104,137,12,949
105,137,12,955
105,137,13,1
106,137,12,917
106,137,13,14
107,137,12,866
107,137,13,82
108,137,12,766
108,137,13,249
109,137,12,450
109,137,13,574
110,137,12,96
110,137,13,885
111,137,12,4
111,137,13,960
112,137,13,951
113,137,13,935
114,137,13,956
115,137,13,958
115,137,14,8
116,137,13,890
116,137,14,139
117,137,13,354
117,137,14,628
118,137,13,49
118,137,14,848
119,137,13,2
119,137,14,888
120,137,14,903
121,137,14,927
122,137,14,929
123,137,14,962
123,137,15,6
124,137,14,986
124,137,15,58
125,137,14,664
125,137,15,351
126,137,14,122
126,137,15,782
127,137,14,5
127,137,15,894
128,137,15,917
129,137,15,918
130,137,15,935
131,137,15,933
131,137,16,7
132,137,15,912
132,137,16,72
133,137,15,682
133,137,16,330
134,137,15,267
134,137,16,698
135,137,15,37
135,137,16,876
136,137,16,933
137,137,16,913
138,137,16,950
139,137,16,976
139,137,17,1
140,137,16,934
140,137,17,44
141,137,16,649
141,137,17,369
142,137,16,209
142,137,17,802
143,137,16,92
143,137,17,901
144,137,16,12
144,137,17,937
145,137,16,1
145,137,17,958
146,137,17,947
146,137,18,11
147,137,17,886
147,137,18,95
148,137,17,660
148,137,18,327
149,137,17,380
149,137,18,646
150,137,17,111
150,137,18,872
151,137,17,20
151,137,18,921
152,137,17,4
152,137,18,926
153,137,18,934
153,137,19,2
154,137,18,931
154,137,19,20
155,137,18,828
155,137,19,157
156,137,18,537
156,137,19,467
157,137,18,411
157,137,19,633
158,137,18,167
158,137,19,792
159,137,18,17
159,137,19,868
160,137,19,923
161,137,19,962
162,137,19,961
162,137,20,3
163,137,19,965
163,137,20,47
164,137,19,708
164,137,20,321
165,137,19,296
165,137,20,738
166,137,19,72
166,137,20,873
167,137,19,3
167,137,20,908
168,137,20,921
168,137,21,1
169,137,20,922
169,137,21,9
170,137,20,923
170,137,21,54
171,137,20,834
171,137,21,210
172,137,20,640
172,137,21,404
172,138,21,1
173,137,20,256
173,137,21,699
173,138,21,3
174,137,20,52
174,137,21,886
174,138,21,1
175,137,20,4
175,137,21,946
175,138,21,1
176,137,21,974
177,137,21,987
178,137,21,953
178,137,22,11
179,137,21,857
179,137,22,115
179,138,22,1
180,137,21,597
180,137,22,460
180,138,22,2
181,137,21,286
181,137,22,774
181,138,22,2
182,137,21,80
182,137,22,908
182,138,22,1
183,137,21,5
183,137,22,949
183,137,23,2
184,137,22,958
184,137,23,21
185,137,22,858
185,137,23,129
186,137,22,542
186,137,23,471
186,138,23,2
187,137,22,228
187,137,23,796
187,138,23,1
188,137,22,143
188,137,23,890
189,137,22,63
189,137,23,908
189,137,24,2
190,137,22,10
190,137,23,917
190,137,24,34
191,137,23,817
191,137,24,202
192,137,23,566
192,137,24,534
193,137,23,313
193,137,24,760
193,138,24,1
194,137,23,95
194,137,24,835
194,138,24,1
195,137,23,8
195,137,24,920
196,137,24,935
196,138,24,1
197,137,24,932
198,137,24,937
198,137,25,5
199,137,24,958
199,137,25,35
200,137,24,852
200,137,25,189
200,138,25,3
201,137,24,683
201,137,25,492
201,138,25,7
202,137,24,306
202,137,25,743
202,138,25,8
203,137,24,31
203,137,25,886
203,138,25,6
204,137,24,1
204,137,25,952
205,137,25,953
206,137,25,973
207,137,25,998
207,137,26,3
208,137,25,1045
208,137,26,55
209,137,25,717
209,137,26,360
209,138,26,4
210,137,25,158
210,137,26,773
210,138,26,14
211,137,25,7
211,137,26,933
211,138,26,2
212,137,26,1001
213,137,26,996
213,137,27,1
214,137,26,969
214,137,27,21
215,137,26,873
215,137,27,160
216,137,26,605
216,137,27,501
217,137,26,320
217,137,27,752
217,138,27,3
218,137,26,35
218,137,27,941
218,138,27,3
219,137,26,1
219,137,27,971
220,137,27,977
221,137,27,986
221,137,28,6
222,137,27,949
222,137,28,84
222,138,28,1
223,137,27,553
223,137,28,487
223,138,28,2
224,137,27,168
224,137,28,867
224,138,28,1
225,137,27,16
225,137,28,956
226,137,28,974
227,137,28,950
227,137,29,2
228,137,28,958
228,137,29,34
229,137,28,818
229,137,29,176
230,137,28,598
230,137,29,467
231,137,28,327
231,137,29,750
231,138,29,1
232,137,28,160
232,137,29,904
233,137,28,45
233,137,29,943
234,137,28,3
234,137,29,970
235,137,29,988
236,137,29,1014
237,137,29,1025
237,137,30,10
238,137,29,922
238,137,30,134
238,138,30,1
239,137,29,390
239,137,30,691
239,138,30,2
240,137,29,57
240,137,30,957
241,137,29,6
241,137,30,978
242,137,30,987
243,137,30,996
243,137,31,1
244,137,30,960
244,137,31,15
245,137,30,881
245,137,31,146
246,137,30,451
246,137,31,678
246,138,31,2
247,137,30,101
247,137,31,934
248,137,30,11
248,137,31,975
249,137,31,978
250,137,31,982
251,137,31,1004
251,137,32,1
252,137,31,1066
252,137,32,28
253,137,31,908
253,137,32,297
253,138,32,3
254,137,31,343
254,137,32,791
254,138,32,2
255,137,31,102
255,137,32,900
256,137,31,7
256,137,32,957
257,137,32,996
258,137,32,1005
259,137,32,1043
260,137,32,1085
260,137,33,3
261,137,32,1165
261,137,33,44
261,138,33,6
262,137,32,1032
262,137,33,235
262,138,33,29
263,137,32,334
263,137,33,591
263,138,33,72
264,137,32,12
264,137,33,894
264,138,33,27
265,137,33,1004
265,138,33,1
266,137,33,994
267,137,33,987
268,137,33,1015
268,137,34,1
269,137,33,1001
269,137,34,9
270,137,33,1052
270,137,34,31
271,137,33,1127
271,137,34,79
271,138,34,1
272,137,33,1018
272,137,34,197
272,138,34,13
273,137,33,562
273,137,34,512
273,138,34,36
274,137,33,131
274,137,34,824
274,138,34,18
275,137,33,9
275,137,34,917
275,138,34,6
276,137,34,939
277,137,34,959
278,137,34,979
279,137,34,1061
280,137,34,1188
280,137,35,1
280,138,35,3
281,137,34,1339
281,137,35,12
281,138,35,19
282,137,34,1086
282,137,35,59
282,138,35,111
283,137,34,313
283,137,35,302
283,138,35,309
284,137,34,9
284,137,35,827
284,138,35,90
285,137,35,1000
286,137,35,1013
287,137,35,1022
288,137,35,1095
288,137,36,4
289,137,35,1257
289,137,36,24
289,138,36,3
290,137,35,1426
290,137,36,99
290,138,36,29
291,137,35,984
291,137,36,263
291,138,36,138
292,137,35,243
292,137,36,509
292,138,36,205
293,137,35,13
293,137,36,778
293,138,36,81
294,137,36,929
294,138,36,10
295,137,36,1011
296,137,36,1118
296,138,37,1
297,137,36,1181
297,137,37,4
297,138,37,11
298,137,36,939
298,137,37,41
298,138,37,69
299,137,36,516
299,137,37,239
299,138,37,187
300,137,36,63
300,137,37,691
300,138,37,142
301,137,37,958
301,138,37,10
302,137,37,1089
302,138,37,1
303,137,37,1173
303,137,38,1
303,138,38,3
304,137,37,1169
304,137,38,26
304,138,38,24
305,137,37,737
305,137,38,224
305,138,38,91
306,137,37,136
306,137,38,698
306,138,38,94
307,137,37,6
307,137,38,921
307,138,38,10
308,137,38,964
308,138,38,1
309,137,38,1033
309,138,39,1
310,137,38,1166
310,137,39,2
310,138,39,1
311,137,38,1179
311,137,39,28
311,138,39,17
312,137,38,841
312,137,39,160
312,138,39,51
313,137,38,277
313,137,39,536
313,138,39,68
314,137,38,13
314,137,39,917
314,138,39,20
315,137,39,995
315,138,39,2
316,137,39,1020
317,137,39,1067
317,137,40,3
318,137,39,1011
318,137,40,22
318,138,40,4
319,137,39,915
319,137,40,159
319,138,40,3
320,137,39,514
320,137,40,584
320,138,40,3
321,137,39,158
321,137,40,898
321,138,40,3
322,137,39,18
322,137,40,967
323,137,40,953
324,137,40,971
324,137,41,4
324,138,41,1
325,137,40,886
325,137,41,39
325,138,41,3
326,137,40,803
326,137,41,155
326,138,41,8
327,137,40,672
327,137,41,382
328,137,40,548
328,137,41,640
329,137,40,394
329,137,41,793
329,138,41,3
330,137,40,122
330,137,41,810
330,138,41,6
331,137,40,6
331,137,41,822
331,137,42,2
331,138,41,7
331,138,42,2
332,137,41,829
332,137,42,15
332,138,42,5
333,137,41,876
333,137,42,49
333,138,42,1
334,137,41,787
334,137,42,124
335,137,41,849
335,137,42,190
336,137,41,969
336,137,42,248
337,137,41,919
337,137,42,280
337,138,42,10
338,137,41,459
338,137,42,419
338,138,42,37
339,137,41,31
339,137,42,865
339,138,42,27
340,137,42,944
340,138,42,1
341,137,42,925
342,137,42,1049
343,137,42,1131
343,137,43,8
343,138,43,2
344,137,42,1001
344,137,43,106
344,138,43,22
345,137,42,358
345,137,43,544
345,138,43,35
346,137,42,18
346,137,43,835
346,138,43,10
347,137,43,863
347,138,43,1
348,137,43,914
349,137,43,981
350,137,43,1127
350,137,44,1
350,138,44,4
351,137,43,1246
351,137,44,7
351,138,44,25
352,137,43,880
352,137,44,92
352,138,44,60
353,137,43,199
353,137,44,404
353,138,44,141
354,137,43,2
354,137,44,753
354,138,44,28
355,137,44,826
355,138,44,1
356,137,44,895
357,137,44,1008
357,137,45,1
358,137,44,1199
358,137,45,3
358,138,45,7
359,137,44,1046
359,137,45,48
359,138,45,43
360,137,44,446
360,137,45,358
360,138,45,96
361,137,44,12
361,137,45,792
361,138,45,10
362,137,45,837
362,138,45,1
363,137,45,872
364,137,45,879
365,137,45,919
366,137,45,987
366,137,46,2
367,137,45,1002
367,137,46,27
367,138,46,11
368,137,45,828
368,137,46,171
368,138,46,22
369,137,45,327
369,137,46,556
369,138,46,26
370,137,45,20
370,137,46,812
370,138,46,5
371,137,46,855
372,137,46,905
373,137,46,974
374,137,46,1013
374,137,47,2
374,138,47,3
375,137,46,1095
375,137,47,20
375,138,47,4
376,137,46,946
376,137,47,91
376,138,47,18
377,137,46,394
377,137,47,354
377,138,47,56
378,137,46,15
378,137,47,790
378,138,47,20
379,137,47,835
380,137,47,849
381,137,47,879
382,137,47,872
382,137,48,2
383,137,47,918
383,137,48,23
384,137,47,787
384,137,48,210
384,138,48,5
385,137,47,188
385,137,48,705
385,138,48,7
386,137,47,12
386,137,48,826
387,137,48,816
388,137,48,918
389,137,48,1015
389,137,49,5
389,138,49,2
390,137,48,934
390,137,49,87
390,138,49,14
391,137,48,335
391,137,49,504
391,138,49,27
392,137,48,20
392,137,49,774
392,138,49,1
393,137,49,803
394,137,49,816
395,137,49,845
396,137,49,821
397,137,49,950
397,137,50,1
398,137,49,1015
398,137,50,25
398,138,50,4
399,137,49,700
399,137,50,196
399,138,50,33
400,137,49,163
400,137,50,556
400,138,50,33
401,137,49,7
401,137,50,739
401,138,50,10
402,137,50,771
403,137,50,780
404,137,50,823
405,137,50,890
405,138,51,1
406,137,50,979
406,137,51,4
406,138,51,4
407,137,50,968
407,137,51,45
407,138,51,13
408,137,50,649
408,137,51,292
408,138,51,27
409,137,50,150
409,137,51,672
409,138,51,12
410,137,50,7
410,137,51,732
411,137,51,739
412,137,51,775
413,137,51,785
414,137,51,832
415,137,51,880
415,137,52,2
415,138,52,1
416,137,51,941
416,137,52,25
416,138,52,4
417,137,51,824
417,137,52,263
417,138,52,7
418,137,51,322
418,137,52,717
418,138,52,2
419,137,51,38
419,137,52,678
420,137,51,1
420,137,52,695
421,137,52,743
422,137,52,734
423,137,52,746
424,137,52,783
424,137,53,1
425,137,52,858
425,137,53,14
426,137,52,938
426,137,53,86
426,138,53,5
427,137,52,730
427,137,53,350
427,138,53,16
428,137,52,253
428,137,53,591
428,138,53,3
429,137,52,21
429,137,53,552
429,138,53,2
430,137,53,558
431,137,53,629
431,138,54,3
432,137,53,674
432,137,54,2
433,137,53,734
433,137,54,3
434,137,53,748
434,137,54,5
435,137,53,843
435,137,54,5
435,138,54,1
436,137,53,908
436,137,54,7
436,138,54,8
437,137,53,928
437,137,54,51
437,138,54,26
438,137,53,475
438,137,54,319
438,138,54,71
439,137,53,38
439,137,54,654
439,138,54,11
440,137,53,1
440,137,54,687
441,137,54,695
442,137,54,717
443,137,54,717
444,137,54,724
445,137,54,731
445,137,55,5
445,138,55,1
446,137,54,800
446,137,55,40
446,138,55,2
447,137,54,792
447,137,55,271
447,138,55,2
448,137,54,378
448,137,55,531
448,138,55,2
449,137,54,124
449,137,55,547
450,137,54,4
450,137,55,571
450,138,55,2
451,137,55,583
452,137,55,582
453,137,55,613
454,137,55,681
455,137,55,767
456,137,55,945
456,137,56,2
456,138,56,6
457,137,55,931
457,137,56,43
457,138,56,13
458,137,55,347
458,137,56,277
458,138,56,70
459,137,55,5
459,137,56,596
459,138,56,13
460,137,56,575
461,137,56,544
462,137,56,590
463,137,56,636
464,137,56,653
464,137,57,1
465,137,56,693
465,137,57,3
466,137,56,735
466,137,57,7
467,137,56,748
467,137,57,52
467,138,57,5
468,137,56,494
468,137,57,204
468,138,57,19
469,137,56,69
469,137,57,443
469,138,57,20
470,137,56,1
470,137,57,601
470,138,57,2
471,137,57,659
472,137,57,644
473,137,57,667
474,137,57,762
474,137,58,3
475,137,57,861
475,137,58,45
475,138,58,5
476,137,57,644
476,137,58,296
476,138,58,15
477,137,57,89
477,137,58,533
477,138,58,1
478,137,58,531
479,137,58,497
480,137,58,554
481,137,58,589
482,137,58,594
483,137,58,664
483,137,59,1
484,137,58,916
484,137,59,16
484,138,59,4
485,137,58,773
485,137,59,83
485,138,59,30
486,137,58,340
486,137,59,340
486,138,59,39
487,137,58,26
487,137,59,556
487,138,59,2
488,137,59,521
489,137,59,471
490,137,59,496
491,137,59,523
492,137,59,584
493,137,59,650
493,137,60,4
493,138,60,1
494,137,59,545
494,137,60,50
494,138,60,2
495,137,59,268
495,137,60,215
495,138,60,11
496,137,59,21
496,137,60,428
496,138,60,3
497,137,60,480
498,137,60,495
499,137,60,517
500,137,60,596
501,137,60,626
501,137,61,5
501,138,61,2
502,137,60,657
502,137,61,58
502,138,61,5
503,137,60,388
503,137,61,257
503,138,61,19
504,137,60,58
504,137,61,402
504,138,61,2
505,137,61,416
506,137,61,432
507,137,61,474
508,137,61,541
508,137,62,1
508,138,62,1
509,137,61,559
509,137,62,9
509,138,62,2
510,137,61,493
510,137,62,84
510,138,62,3
511,137,61,364
511,137,62,265
511,138,62,1
512,137,61,51
512,137,62,381
512,138,62,1
513,137,62,425
514,137,62,421
515,137,62,431
516,137,62,440
516,137,63,2
516,138,63,2
517,137,62,441
517,137,63,24
517,138,63,1
518,137,62,574
518,137,63,157
518,138,63,3
519,137,62,408
519,137,63,315
520,137,62,89
520,137,63,299
520,138,63,1
521,137,62,5
521,137,63,350
521,138,63,1
522,137,63,356
523,137,63,349
524,137,63,409
525,137,63,386
526,137,63,413
526,137,64,2
527,137,63,454
527,137,64,34
528,137,63,454
528,137,64,197
528,138,64,1
529,137,63,218
529,137,64,324
529,138,64,1
530,137,63,29
530,137,64,314
531,137,64,310
532,137,64,386
533,137,64,489
534,137,64,570
534,137,65,5
534,138,65,1
535,137,64,499
535,137,65,46
535,138,65,6
536,137,64,227
536,137,65,177
536,138,65,12
537,137,64,27
537,137,65,286
537,138,65,6
538,137,65,350
538,138,65,1
539,137,65,338
540,137,65,438
540,137,66,1
541,137,65,525
541,137,66,14
541,138,66,2
542,137,65,506
542,137,66,63
542,138,66,9
543,137,65,334
543,137,66,105
543,138,66,4
544,137,65,73
544,137,66,171
544,138,66,5
545,137,65,3
545,137,66,205
546,137,65,1
546,137,66,268
546,138,66,1
547,137,66,282
547,138,66,1
548,137,66,411
548,138,66,1
549,137,66,586
550,137,66,637
550,137,67,2
550,138,67,4
551,137,66,465
551,137,67,28
551,138,67,8
552,137,66,163
552,137,67,111
552,138,67,4
553,137,66,32
553,137,67,215
553,138,67,1
554,137,66,2
554,137,67,232
555,137,67,285
556,137,67,309
557,137,67,377
557,138,68,1
558,137,67,461
558,137,68,1
558,138,68,1
559,137,67,515
559,137,68,11
559,138,68,2
560,137,67,542
560,137,68,32
560,138,68,4
561,137,67,321
561,137,68,70
562,137,67,52
562,137,68,128
562,138,68,3
563,137,67,1
563,137,68,216
563,138,68,1
564,137,68,244
565,137,68,273
566,137,68,302
567,137,68,373
568,137,68,533
568,138,69,1
569,137,68,561
569,137,69,6
569,138,69,2
570,137,68,444
570,137,69,34
570,138,69,1
571,137,68,170
571,137,69,107
571,138,69,3
572,137,68,15
572,137,69,184
572,138,69,2
573,137,69,243
574,137,69,250
575,137,69,284
576,137,69,317
577,137,69,421
577,137,70,2
578,137,69,509
578,137,70,29
579,137,69,454
579,137,70,105
579,138,70,1
580,137,69,251
580,137,70,170
581,137,69,60
581,137,70,188
582,137,69,3
582,137,70,212
583,137,70,239
584,137,70,285
585,137,70,311
586,137,70,415
586,137,71,3
587,137,70,471
587,137,71,38
588,137,70,424
588,137,71,123
588,138,71,1
589,137,70,245
589,137,71,247
590,137,70,45
590,137,71,270
591,137,70,1
591,137,71,286
592,137,71,283
592,137,72,1
593,137,71,297
593,137,72,12
594,137,71,358
594,137,72,67
595,137,71,391
595,137,72,175
596,137,71,216
596,137,72,233
597,137,71,38
597,137,72,194
598,137,71,1
598,137,72,190
599,137,72,207
600,137,72,297
601,137,72,431
602,137,72,581
602,137,73,5
603,137,72,380
603,137,73,52
604,137,72,65
604,137,73,148
604,138,73,1
605,137,72,5
605,137,73,266
606,137,73,290
607,137,73,364
608,137,73,541
609,137,73,688
609,137,74,3
610,137,73,437
610,137,74,40
611,137,73,159
611,137,74,127
612,137,73,18
612,137,74,224
613,137,73,1
613,137,74,287
614,137,74,273
615,137,74,308
616,137,74,351
617,137,74,421
617,137,75,3
618,137,74,481
618,137,75,33
619,137,74,297
619,137,75,121
620,137,74,73
620,137,75,201
621,137,75,262
622,137,75,248
623,137,75,308
624,137,75,407
625,137,75,506
625,137,76,4
626,137,75,446
626,137,76,39
627,137,75,247
627,137,76,124
628,137,75,48
628,137,76,195
629,137,75,1
629,137,76,221
630,137,76,229
631,137,76,207
632,137,76,232
633,137,76,281
634,137,76,342
635,137,76,411
635,137,77,2
636,137,76,495
636,137,77,32
637,137,76,409
637,137,77,130
638,137,76,240
638,137,77,197
639,137,76,33
639,137,77,206
640,137,76,1
640,137,77,211
641,137,77,240
642,137,77,268
643,137,77,283
644,137,77,309
645,137,77,385
645,137,78,1
646,137,77,531
646,137,78,18
647,137,77,573
647,137,78,111
648,137,77,254
648,137,78,226
649,137,77,21
649,137,78,261
650,137,77,2
650,137,78,269
651,137,78,244
652,137,78,259
653,137,78,290
654,137,78,298
655,137,78,335
655,137,79,2
656,137,78,436
656,137,79,28
657,137,78,567
657,137,79,67
658,137,78,317
658,137,79,119
659,137,78,31
659,137,79,229
660,137,79,262
661,137,79,281
662,137,79,332
663,137,79,399
663,137,80,1
664,137,79,364
664,137,80,16
665,137,79,283
665,137,80,65
666,137,79,202
666,137,80,146
667,137,79,44
667,137,80,273
668,137,80,271
669,137,80,287
670,137,80,351
671,137,80,424
671,137,81,1
672,137,80,508
672,137,81,21
673,137,80,358
673,137,81,101
674,137,80,55
674,137,81,214
675,137,80,2
675,137,81,266
676,137,81,286
677,137,81,374
678,137,81,469
678,137,82,1
679,137,81,473
679,137,82,23
680,137,81,386
680,137,82,98
681,137,81,174
681,137,82,191
682,137,81,16
682,137,82,258
683,137,82,258
684,137,82,308
685,137,82,286
686,137,82,358
686,137,83,1
687,137,82,489
687,137,83,22
688,137,82,423
688,137,83,122
689,137,82,120
689,137,83,257
690,137,82,6
690,137,83,288
691,137,83,220
692,137,83,238
693,137,83,298
693,137,84,2
694,137,83,302
694,137,84,39
695,137,83,300
695,137,84,162
696,137,83,344
696,137,84,245
697,137,83,198
697,137,84,265
698,137,83,22
698,137,84,263
699,137,83,1
699,137,84,280
700,137,84,281
701,137,84,274
702,137,84,291
702,137,85,2
703,137,84,271
703,137,85,32
704,137,84,272
704,137,85,118
705,137,84,197
705,137,85,245
706,137,84,16
706,137,85,279
707,137,85,269
708,137,85,327
709,137,85,434
709,137,86,1
710,137,85,429
710,137,86,17
711,137,85,336
711,137,86,65
712,137,85,181
712,137,86,169
713,137,85,43
713,137,86,246
714,137,86,254
715,137,86,274
716,137,86,342
717,137,86,515
718,137,86,601
718,137,87,3
719,137,86,341
719,137,87,49
720,137,86,78
720,137,87,166
721,137,86,3
721,137,87,260
722,137,87,253
723,137,87,275
724,137,87,275
725,137,87,356
726,137,87,427
726,137,88,3
727,137,87,578
727,137,88,37
728,137,87,388
728,137,88,192
729,137,87,96
729,137,88,269
730,137,87,4
730,137,88,249
731,137,88,245
732,137,88,262
733,137,88,270
734,137,88,280
734,137,89,1
735,137,88,341
735,137,89,15
736,137,88,509
736,137,89,81
737,137,88,359
737,137,89,128
738,137,88,83
738,137,89,173
739,137,88,1
739,137,89,205
740,137,89,226
741,137,89,235
742,137,89,257
743,137,89,350
744,137,89,457
744,137,90,1
745,137,89,576
745,137,90,21
746,137,89,497
746,137,90,60
747,137,89,202
747,137,90,67
748,137,89,23
748,137,90,167
749,137,90,226
750,137,90,193
751,137,90,269
752,137,90,344
753,137,90,402
753,137,91,1
754,137,90,491
754,137,91,19
755,137,90,344
755,137,91,85
756,137,90,80
756,137,91,225
757,137,90,3
757,137,91,226
758,137,91,277
759,137,91,308
759,137,92,1
760,137,91,388
760,137,92,14
761,137,91,428
761,137,92,58
762,137,91,366
762,137,92,106
763,137,91,170
763,137,92,106
764,137,91,33
764,137,92,139
765,137,92,232
766,137,92,245
767,137,92,250
768,137,92,297
769,137,92,330
769,137,93,2
770,137,92,409
770,137,93,22
771,137,92,323
771,137,93,42
772,137,92,97
772,137,93,99
773,137,92,3
773,137,93,203
774,137,93,267
775,137,93,278
776,137,93,302
777,137,93,351
777,137,94,1
778,137,93,362
778,137,94,12
779,137,93,363
779,137,94,35
780,137,93,203
780,137,94,92
781,137,93,24
781,137,94,191
782,137,94,217
783,137,94,259
784,137,94,271
784,137,95,1
785,137,94,300
785,137,95,12
786,137,94,370
786,137,95,39
787,137,94,436
787,137,95,71
788,137,94,295
788,137,95,147
789,137,94,62
789,137,95,193
790,137,94,2
790,137,95,183
791,137,95,188
792,137,95,195
793,137,95,229
794,137,95,291
795,137,95,434
796,137,95,494
796,137,96,2
797,137,95,463
797,137,96,38
798,137,95,182
798,137,96,143
799,137,95,10
799,137,96,197
800,137,96,237
801,137,96,247
802,137,96,324
803,137,96,364
803,137,97,1
804,137,96,362
804,137,97,7
805,137,96,346
805,137,97,21
806,137,96,354
806,137,97,41
807,137,96,227
807,137,97,85
808,137,96,31
808,137,97,178
809,137,96,1
809,137,97,241
810,137,97,255
811,137,97,378
812,137,97,581
813,137,97,647
813,137,98,2
814,137,97,455
814,137,98,22
815,137,97,82
815,137,98,73
816,137,97,8
816,137,98,147
817,137,98,193
818,137,98,218
819,137,98,255
820,137,98,333
821,137,98,498
821,137,99,3
822,137,98,491
822,137,99,37
823,137,98,162
823,137,99,118
824,137,98,15
824,137,99,197
825,137,98,1
825,137,99,242
826,137,99,260
827,137,99,343
828,137,99,406
828,137,100,1
829,137,99,416
829,137,100,13
830,137,99,270
830,137,100,74
831,137,99,71
831,137,100,136
832,137,99,6
832,137,100,200
833,137,100,221
834,137,100,278
835,137,100,354
836,137,100,436
836,137,101,1
837,137,100,352
837,137,101,14
838,137,100,204
838,137,101,62
839,137,100,25
839,137,101,132
840,137,101,199
841,137,101,241
842,137,101,284
843,137,101,304
844,137,101,352
844,137,102,4
845,137,101,312
845,137,102,32
846,137,101,180
846,137,102,94
847,137,101,43
847,137,102,139
848,137,101,1
848,137,102,192
849,137,102,255
850,137,102,317
851,137,102,400
851,137,103,1
852,137,102,500
852,137,103,11
853,137,102,336
853,137,103,36
854,137,102,110
854,137,103,119
855,137,102,10
855,137,103,201
856,137,103,249
857,137,103,253
857,137,104,1
858,137,103,320
858,137,104,15
859,137,103,338
859,137,104,70
860,137,103,298
860,137,104,134
861,137,103,126
861,137,104,134
862,137,103,18
862,137,104,151
863,137,103,1
863,137,104,205
864,137,104,249
865,137,104,253
866,137,104,273
867,137,104,378
867,137,105,2
868,137,104,446
868,137,105,10
869,137,104,483
869,137,105,38
870,137,104,279
870,137,105,97
871,137,104,52
871,137,105,133
872,137,104,2
872,137,105,161
873,137,105,236
874,137,105,238
875,137,105,275
876,137,105,362
876,137,106,1
877,137,105,456
877,137,106,16
878,137,105,403
878,137,106,64
879,137,105,237
879,137,106,147
880,137,105,44
880,137,106,201
881,137,105,3
881,137,106,240
882,137,106,249
883,137,106,282
883,137,107,1
884,137,106,384
884,137,107,13
885,137,106,412
885,137,107,58
886,137,106,326
886,137,107,133
887,137,106,102
887,137,107,156
888,137,106,8
888,137,107,220
889,137,107,259
890,137,107,258
890,137,108,1
891,137,107,289
891,137,108,17
892,137,107,259
892,137,108,61
893,137,107,86
893,137,108,123
894,137,107,9
894,137,108,153
895,137,108,212
896,137,108,235
897,137,108,305
898,137,108,359
898,137,109,1
899,137,108,421
899,137,109,21
900,137,108,401
900,137,109,97
901,137,108,167
901,137,109,157
902,137,108,10
902,137,109,146
903,137,109,146
904,137,109,187
905,137,109,182
906,137,109,197
907,137,109,235
908,137,109,310
909,137,109,482
909,137,110,1
910,137,109,551
910,137,110,10
911,137,109,220
911,137,110,20
912,137,109,14
912,137,110,38
913,137,110,101
914,137,110,176
915,137,110,210
916,137,110,270
917,137,110,395
918,137,110,551
919,137,110,523
919,137,111,5
920,137,110,317
920,137,111,34
921,137,110,61
921,137,111,96
922,137,111,127
923,137,111,165
924,137,111,195
925,137,111,267
926,137,111,367
927,137,111,443
928,137,111,344
928,137,112,5
929,137,111,123
929,137,112,27
930,137,111,19
930,137,112,81
931,137,111,1
931,137,112,162
932,137,112,208
933,137,112,271
934,137,112,411
934,137,113,1
935,137,112,511
935,137,113,15
936,137,112,462
936,137,113,53
937,137,112,149
937,137,113,122
938,137,112,7
938,137,113,186
939,137,112,1
939,137,113,203
940,137,113,203
941,137,113,226
942,137,113,237
943,137,113,343
944,137,113,507
944,137,114,2
945,137,113,511
945,137,114,19
946,137,113,292
946,137,114,42
947,137,113,74
947,137,114,35
948,137,113,6
948,137,114,78
949,137,114,133
950,137,114,165
951,137,114,227
952,137,114,382
953,137,114,583
953,137,115,2
954,137,114,511
954,137,115,28
955,137,114,186
955,137,115,93
956,137,114,17
956,137,115,139
957,137,115,182
958,137,115,262
959,137,115,467
960,137,115,470
960,137,116,2
961,137,115,215
961,137,116,18
962,137,115,51
962,137,116,74
963,137,115,1
963,137,116,140
964,137,116,180
965,137,116,231
966,137,116,393
967,137,116,738
968,137,116,660
968,137,117,6
969,137,116,144
969,137,117,30
970,137,116,7
970,137,117,95
971,137,117,155
972,137,117,183
973,137,117,220
974,137,117,365
975,137,117,584
976,137,117,607
976,137,118,2
977,137,117,314
977,137,118,16
978,137,117,66
978,137,118,60
979,137,117,2
979,137,118,109
980,137,118,156
981,137,118,243
982,137,118,363
983,137,118,490
983,137,119,2
984,137,118,464
984,137,119,7
985,137,118,228
985,137,119,16
986,137,118,46
986,137,119,43
987,137,118,5
987,137,119,70
988,137,119,112
989,137,119,158
990,137,119,234
991,137,119,357
992,137,119,486
992,137,120,3
993,137,119,373
993,137,120,25
994,137,119,71
994,137,120,78
995,137,119,3
995,137,120,117
996,137,120,146
997,137,120,173
998,137,120,262
999,137,120,436
1000,137,120,623
1000,137,121,2
1001,137,120,409
1001,137,121,20
1002,137,120,78
1002,137,121,67
1003,137,121,113
1004,137,121,151
1005,137,121,180
1006,137,121,193
1007,137,121,278
1008,137,121,474
1009,137,121,607
1010,137,121,459
1010,137,122,4
1011,137,121,161
1011,137,122,25
1012,137,121,13
1012,137,122,91
1013,137,122,148
1014,137,122,203
1015,137,122,267
1016,137,122,322
1016,137,123,1
1017,137,122,315
1017,137,123,3
1018,137,122,190
1018,137,123,11
1019,137,122,28
1019,137,123,48
1020,137,123,114
1021,137,123,161
1022,137,123,189
1023,137,123,263
1024,137,123,395
1024,137,124,1
1025,137,123,476
1025,137,124,12
1026,137,123,290
1026,137,124,48
1027,137,123,91
1027,137,124,94
1028,137,123,12
1028,137,124,152
1029,137,124,192
1030,137,124,229
1031,137,124,240
1032,137,124,190
1032,137,125,1
1033,137,124,216
1033,137,125,17
1034,137,124,218
1034,137,125,72
1035,137,124,218
1035,137,125,146
1036,137,124,195
1036,137,125,163
1037,137,124,83
1037,137,125,182
1038,137,124,10
1038,137,125,190
1038,137,126,1
1039,137,125,180
1039,137,126,16
1040,137,125,117
1040,137,126,64
1041,137,125,121
1041,137,126,128
1042,137,125,172
1042,137,126,169
1043,137,125,234
1043,137,126,191
1044,137,125,225
1044,137,126,169
1045,137,125,50
1045,137,126,122
1046,137,126,68
1047,137,126,73
1048,137,126,115
1048,137,127,1
1049,137,126,155
1049,137,127,16
1050,137,126,246
1050,137,127,53
1051,137,126,397
1051,137,127,69
1052,137,126,473
1052,137,127,37
1053,137,126,191
1053,137,127,34
1054,137,126,4
1054,137,127,85
1055,137,127,141
1056,137,127,166
1057,137,127,220
1057,137,128,1
1058,137,127,272
1058,137,128,13
1059,137,127,386
1059,137,128,59
1060,137,127,359
1060,137,128,72
1061,137,127,105
1061,137,128,87
1062,137,127,5
1062,137,128,106
1063,137,128,127
1064,137,128,128
1065,137,128,163
1066,137,128,221
1067,137,128,286
1067,137,129,1
1068,137,128,358
1068,137,129,13
1069,137,128,260
1069,137,129,44
1070,137,128,81
1070,137,129,89
1071,137,128,7
1071,137,129,146
1072,137,129,181
1073,137,129,247
1074,137,129,380
1074,137,130,1
1075,137,129,442
1075,137,130,14
1076,137,129,247
1076,137,130,50
1077,137,129,41
1077,137,130,94
1078,137,130,129
1079,137,130,159
1080,137,130,229
1081,137,130,330
1082,137,130,465
1082,137,131,3
1083,137,130,398
1083,137,131,25
1084,137,130,126
1084,137,131,61
1085,137,130,11
1085,137,131,105
1086,137,131,149
1087,137,131,164
1088,137,131,190
1089,137,131,264
1090,137,131,433
1090,137,132,1
1091,137,131,505
1091,137,132,9
1092,137,131,216
1092,137,132,35
1093,137,131,26
1093,137,132,96
1094,137,132,143
1095,137,132,227
1096,137,132,376
1097,137,132,562
1097,137,133,1
1098,137,132,565
1098,137,133,12
1099,137,132,325
1099,137,133,31
1100,137,132,75
1100,137,133,59
1101,137,132,2
1101,137,133,87
1102,137,133,95
1103,137,133,130
1104,137,133,195
1105,137,133,304
1106,137,133,435
1106,137,134,1
1107,137,133,359
1107,137,134,10
1108,137,133,199
1108,137,134,33
1109,137,133,38
1109,137,134,77
1110,137,133,2
1110,137,134,117
1111,137,134,155
1112,137,134,221
1113,137,134,278
1114,137,134,329
1115,137,134,584
1116,137,134,684
1117,137,134,331
1117,137,135,3
1118,137,134,32
1118,137,135,20
1119,137,135,66
1120,137,135,136
1121,137,135,273
1122,137,135,607
1123,137,135,891
1124,137,135,559
1124,137,136,6
1125,137,135,69
1125,137,136,28
1126,137,136,90
1127,137,136,226
1128,137,136,448
1129,137,136,754
1130,137,136,749
1131,137,136,92
1131,137,137,2
1132,137,137,14
1133,137,137,28
1134,137,137,33
1135,137,137,21
1136,137,137,7
