rank,expanded,generated,sent,kept,received,dominated_before_closed,dominated_after_closed,first_expanded_timestamp,last_expanded_timestamp,first_received_timestamp,last_received_timestamp
0,5220910,3544191,11991165,900773,11958851,379925,1949635,0.006484181,61.43276286,0.006088999,61.433103704
1,5383111,3546081,12197863,950734,11961958,243056,2085388,0.005031448,61.432953915,0.004144551,61.433113136
2,5079916,3536607,11723049,846990,11958068,496402,1832452,0.003996055,61.432938162,0.003591688,61.433116882
3,5091683,3536906,11740233,851636,11960793,487305,1842507,0.006278084,61.433044711,0.005483825,61.433042456
4,5175058,3541064,11892324,880959,11952740,418829,1907144,0.004111775,61.433045414,0.003706063,61.433120227
5,5182495,3533375,11875453,885103,11935215,399178,1924302,0.006212653,61.432930885,0.005301077,61.433148456
6,5282143,3542052,12057193,917869,11950063,329707,1998541,0.005004099,61.433024863,0.004599356,61.4331055
7,5371005,3543984,12185681,949859,11956497,251076,2075342,0.005442841,61.433091319,0.004999666,61.433090301
8,5077017,3537107,11716819,847530,11951145,500462,1829070,0.005398109,61.43310342,0.004597444,61.433158978
9,5084394,3533510,11732410,850174,11943628,490139,1835527,0.004090668,61.433045889,0.003696436,61.4331016
10,5280755,3542241,12049455,916780,11951217,329782,1998372,0.006364683,61.432881772,0.005561373,61.432968758
11,5225269,3537989,11938732,899016,11942652,362641,1960851,0.00676505,61.43308761,0.005898242,61.433133056
12,5256355,3544000,12013155,910926,11952449,352848,1972852,0.004985606,61.433078674,0.004577528,61.433128157
13,5384137,3546190,12178924,951500,11946244,237358,2088866,0.006934061,61.433074676,0.00647593,61.433073011
14,5038366,3531561,11637837,837455,11945661,520222,1802476,0.00629515,61.433198864,0.005899872,61.43303662
15,5195722,3543047,11911614,888779,11959252,400059,1928703,0.004895796,61.432943843,0.004494815,61.433128689
16,5271335,3544277,12041324,915415,11939563,339458,1982859,0.004968792,61.432977633,0.004566936,61.432976671
17,5164892,3541956,11880257,875655,11953340,429471,1899082,0.005750644,61.433101397,0.00532008,61.433108457
18,5282960,3543969,12060539,917962,11946526,329422,1995665,0.005371513,61.432945713,0.004975895,61.433179778
19,5379766,3550352,12173997,950105,11964394,250157,2079577,0.004069391,61.433101776,0.003641412,61.433171816
20,5090035,3535853,11748735,853617,11954275,488546,1839157,0.004014437,61.433021353,0.003619486,61.433033014
21,5162040,3540210,11865911,874542,11953605,428462,1898140,0.004433053,61.433006174,0.004033645,61.433009245
22,5227252,3541016,11961440,900199,11957559,373219,1954310,0.006267889,61.433019325,0.005870055,61.433042388
23,5171608,3536500,11870776,882620,11935195,412474,1910366,0.003168936,61.43307303,0.002741351,61.433102958
24,5259465,3540391,12011797,912788,11932522,338759,1984523,0.006685157,61.433133102,0.005499857,61.433132293
25,5387366,3547979,12204357,952135,11954212,240557,2086094,0.002145101,61.432805486,0.004642529,61.432909197
26,5198411,3540564,11918360,889477,11951969,396365,1931767,0.005330707,61.433028823,0.004919783,61.433033324
27,5143646,3538460,11844447,871902,11957694,441536,1887577,0.004979965,61.432902057,0.004585211,61.43311563
28,5238548,3542498,11988627,904331,11957720,363975,1963010,0.004889076,61.432869041000004,0.004486223,61.433072169
29,5223702,3537623,11960865,900574,11933610,375023,1946709,0.006603364,61.432915228,0.006074519,61.433021964
30,5293134,3542941,12072067,921291,11956570,320761,2008097,0.00712265,61.433053453,0.006734671,61.433241548
31,5384812,3549193,12197285,951170,11973693,251388,2080334,0.006942585,61.4330843,0.005436075,61.433259692
32,5119299,3534905,11805963,866160,11942916,460299,1865463,0.005872569,61.433071446,0.00547065,61.433273266
33,5145134,3539002,11840074,870646,11963695,447407,1881813,0.004987965,61.433042146,0.004594314,61.433186677
34,5227564,3541687,11989576,900578,11947419,380877,1946063,0.005931793,61.433174732,0.005534212,61.43321065
35,5278394,3544712,12023268,916580,11970190,330029,2000359,0.004857522,61.433106896,0.004431262,61.433105378
36,5158509,3538168,11870167,877163,11944625,434865,1890170,0.007145169,61.433063927,0.006742362,61.433070016
37,5262305,3539344,12014218,914578,11950941,346194,1982671,0.006063092,61.43299285,0.005377519,61.432980291
38,5067513,3535074,11715462,845225,11972229,508056,1823723,0.003219608,61.432954016,0.002820835,61.432965943
39,5149046,3537167,11846995,873885,11951940,435629,1890374,0.005858558,61.432606535,0.005465838,61.433061428
40,5268491,3543646,12026474,913205,11942731,337588,1987204,0.003127395,61.433045684,0.00273058,61.433137698
41,5229603,3538400,11955775,902359,11943931,361662,1963135,0.009290533,61.432980578,0.005329984,61.43302445
42,5276745,3544084,12040746,916876,11955763,332024,1994417,0.004436499,61.433000476,0.004036918,61.432998917
43,5362837,3542615,12145237,946191,11949592,254726,2070463,0.005362772,61.432990865,0.004522499,61.433007259
44,5101693,3534357,11777813,856792,11948204,476684,1851952,0.005454306,61.433099391,0.005053656,61.433103005
45,5181629,3537519,11884642,882598,11947641,406595,1919297,0.005331118,61.433075225,0.004935293,61.433133588
46,5253729,3543905,12014120,911474,11964769,353762,1974859,0.004123686,61.433101172,0.003726544,61.433099648
47,5271432,3541913,12035991,913452,11945181,330708,1993237,0.006341571,61.433033717,0.005915357,61.43303179
48,5308054,3544819,12095766,925773,11952769,310720,2016291,0.007088993,61.432973137,0.006685837,61.433114561
49,5356473,3542231,12144804,941799,11940730,259896,2066650,0.00319217,61.43276149,0.002732129,61.432925021
50,5105076,3538659,11775646,861064,11967254,474050,1855994,0.006725399,61.433008895,0.006326041,61.433023514
51,5133398,3536996,11809929,868110,11938331,445723,1877242,0.005160272,61.432902054,0.004761686,61.433102117
52,5144008,3540124,11836020,868410,11965742,453800,1878518,0.004992152,61.433005642,0.004594876,61.433047269
53,5281583,3542218,12049873,917560,11944894,325025,2000407,0.006523723,61.432921338,0.005833596,61.432936084
54,5243860,3541393,12016593,907550,11955330,367946,1961235,0.00575586,61.433030658,0.004963004,61.433029652
55,5340267,3544344,12134611,937210,11958838,278289,2049681,0.0213041,61.433101419,0.005297189,61.433162358
56,5150428,3539496,11857845,871755,11961039,436757,1893567,0.006055854,61.432995566,0.005657779,61.432994583
57,5193226,3542601,11933027,890578,11961998,406488,1921729,0.005859282,61.432921041,0.005461577,61.43316648
58,5252085,3540344,12006196,907692,11943989,355380,1972175,0.005404791,61.432933217,0.005011256,61.432993116
59,5252739,3542084,11991920,911125,11938928,341416,1979514,0.004121486,61.433047305,0.00365953,61.433045611
60,5279189,3543544,12043589,916169,11955695,334895,1995112,0.005558708,61.433102563,0.004775858,61.433100945
61,5394553,3549989,12205172,951968,11968739,241980,2091119,0.006550112,61.432897825,0.005863577,61.432944075
62,5125083,3538040,11803478,864572,11956352,455435,1871099,0.005069957,61.433034463,0.004643188,61.433038837
63,5154882,3538114,11844727,872659,11955671,432763,1895248,0.007522212,61.432954457,0.006349686,61.43314746
64,5274034,3545925,12046372,913100,11968523,340485,1988459,0.006239238,61.433108244,0.005841555,61.433147866
65,5230619,3538917,11956675,902234,11952403,362169,1963200,0.005826059,61.433064688,0.005358752,61.433102775
66,5217461,3543600,11961829,896010,11954845,385621,1943148,0.010293153,61.432997641,0.009883146,61.433120713
67,5376699,3545502,12181581,950574,11948874,248339,2077028,0.004075939,61.432947785,0.00359512,61.43295236
68,5171830,3538651,11888648,882230,11948815,422363,1906901,0.004896257,61.432855977,0.004492568,61.432904722
69,5093302,3535112,11772087,857413,11937630,480265,1841193,0.00536893,61.432926781,0.00497354,61.433104865
70,5272185,3542443,12038699,913211,11941352,335372,1990687,0.005254608,61.433121565,0.004854602,61.433120041
71,5146325,3536939,11830576,872307,11960852,438034,1889776,0.006029773,61.433033947,0.004886939,61.433032379
72,5178932,3540308,11901679,883046,11959863,421493,1907802,0.006232478,61.433178019,0.005432305,61.433188733
73,5373491,3542666,12189824,949713,11933192,248605,2077366,0.006435874,61.432939092,0.005463854,61.43307953
74,5072436,3533583,11713249,844755,11943720,496765,1829441,0.005447303,61.432974923,0.005041088,61.433056423
75,5171420,3537153,11862491,879504,11941561,413228,1911398,0.006234637,61.433145331,0.005829001,61.433144116
76,5270594,3543648,12041076,915671,11948817,342804,1983932,0.006474376,61.433007161,0.006074756,61.433191369
77,5118610,3535396,11783051,862265,11938704,455095,1869671,0.005003448,61.433115101,0.00451732,61.433179512
78,5267596,3544929,12039323,911804,11966258,349831,1983048,0.008051568,61.432962356,0.007657215,61.433118725
79,5376668,3549087,12190498,951156,11964101,251068,2077968,0.006925319,61.432940042,0.006404373,61.432938494
80,5100760,3535582,11744673,856818,11946892,471264,1853665,0.004928183,61.433016999,0.004527498,61.433118315
81,5107960,3535291,11788865,861948,11943671,471225,1853773,0.003126141,61.433087448,0.002705842,61.433085382
82,5250584,3542461,11992756,907599,11965003,356074,1973093,0.004835721,61.433041327,0.004442634,61.433149954
83,5221141,3540416,11947302,898956,11949203,375041,1952917,0.003605288,61.432638865,0.002770478,61.433068069
84,5266614,3544303,12029435,911917,11955724,342919,1985588,0.00398686,61.433113297,0.003574059,61.433293246
85,5361289,3543395,12148212,945843,11930079,258869,2064216,0.005429238,61.433249084,0.00458229,61.433247338
86,5203724,3540491,11938271,893870,11961164,393841,1936136,0.005577645,61.433220999,0.005182671,61.433347634
87,5099928,3536001,11771216,859272,11948363,478080,1849000,0.004887746,61.43329413,0.004491745,61.433353423
88,5244564,3539740,12006977,905632,11936627,357566,1966631,0.004084366,61.432977366,0.003694088,61.433227618
89,5144862,3532981,11828013,871109,11930494,432745,1889387,0.008019883,61.433150839,0.007365308,61.433288992
90,5210494,3543157,11944868,892588,11959191,397431,1930826,0.005281474,61.433066259,0.004880489,61.433264863
91,5344846,3543795,12141616,939149,11954538,275948,2052289,0.005939801,61.433071871,0.005453538,61.433183842
92,5124132,3537335,11801975,860460,11961430,457241,1871943,0.006728798,61.433056164999996,0.006317055,61.433086777
93,5142625,3538052,11840613,871696,11951424,437673,1886604,0.006976463,61.432923353,0.00657209,61.433048478
94,5272306,3543598,12021337,914578,11976511,340426,1992280,0.004963908,61.433181898,0.004549354,61.433212144
95,5190284,3536872,11873092,887041,11958517,395107,1932674,0.00505071,61.432965779,0.004583763,61.433107819
